control,,fire,
X,Y,X,Y
4.403587444,0.137657733,4.829596413,2.008030034
4.667040359,-1.019006153,5.188340807,3.062884555
4.891255605,-0.083559287,5.647982063,0.864271561
5.165919283,0.969339869,6.679372197,-13.06523099
5.68161435,-0.065178851,7.41367713,-8.978386693
6.219730942,-4.936385442,7.744394619,-4.900928147
6.713004484,-7.948169778,8.669282511,-6.972442382
7.464125561,3.115809782,,
7.766816143,3.122849098,,
8.590807175,-4.939383669,,
9.252242152,-9.92400146,,
