filename,sieve_time_0,sieve_time_1,sieve_time_2
row_more_sep_row52_col2.csv,0.0196378231048584,0.01974773406982422,0.019676923751831055
row_more_sep_row80_col7.csv,0.019418001174926758,0.019166946411132812,0.019672155380249023
row_more_sep_row75_col5.csv,0.019158601760864258,0.019274473190307617,0.02019023895263672
row_more_sep_row75_col6.csv,0.019896507263183594,0.019353151321411133,0.02210259437561035
row_more_sep_row22_col8.csv,0.01892876625061035,0.019354820251464844,0.019036054611206055
row_less_sep_row4_col4.csv,0.021834611892700195,0.02132129669189453,0.02122354507446289
row_more_sep_row19_col5.csv,0.01927495002746582,0.02100396156311035,0.02150750160217285
row_less_sep_row42_col4.csv,0.021657466888427734,0.020277738571166992,0.02035689353942871
row_less_sep_row54_col7.csv,0.02079033851623535,0.02158212661743164,0.022314786911010742
row_more_sep_row17_col0.csv,0.014669179916381836,0.019076108932495117,0.019953489303588867
row_less_sep_row38_col4.csv,0.02091193199157715,0.020443439483642578,0.020578384399414062
row_less_sep_row29_col4.csv,0.021501779556274414,0.03098297119140625,0.02206873893737793
row_more_sep_row44_col2.csv,0.02108025550842285,0.020426511764526367,0.020473003387451172
row_more_sep_row5_col5.csv,0.02103447914123535,0.02605915069580078,0.02393054962158203
row_more_sep_row33_col4.csv,0.019421100616455078,0.05507636070251465,0.019458532333374023
row_less_sep_row3_col1.csv,0.02184009552001953,0.02112722396850586,0.016611814498901367
row_extra_quote13_col3.csv,0.01808929443359375,0.013234853744506836,0.0175478458404541
row_more_sep_row37_col3.csv,0.015070199966430664,0.018699169158935547,0.014591455459594727
row_less_sep_row64_col4.csv,0.020730257034301758,0.01770496368408203,0.021138429641723633
file_no_payload.csv,0.0003161430358886719,1.6450881958007812e-05,7.3909759521484375e-06
row_less_sep_row16_col3.csv,0.026082992553710938,0.023781299591064453,0.026391267776489258
row_more_sep_row63_col5.csv,0.020174026489257812,0.0201570987701416,0.01985025405883789
row_extra_quote25_col7.csv,0.020895004272460938,0.017074108123779297,0.017849445343017578
row_more_sep_row36_col7.csv,0.019385337829589844,0.02472686767578125,0.01929306983947754
row_less_sep_row0_col1.csv,0.01858353614807129,0.016634464263916016,0.01689291000366211
row_extra_quote69_col3.csv,0.016743183135986328,0.017574787139892578,0.02439093589782715
row_field_delimiter_79_0x20.csv,0.030291318893432617,0.019321203231811523,0.023822546005249023
row_extra_quote7_col7.csv,0.017661094665527344,0.01749587059020996,0.022634267807006836
row_extra_quote15_col3.csv,0.017531633377075195,0.01699972152709961,0.017450809478759766
row_extra_quote35_col4.csv,0.017229557037353516,0.017479419708251953,0.017116308212280273
row_less_sep_row18_col7.csv,0.02135300636291504,0.026749610900878906,0.02113652229309082
row_more_sep_row68_col5.csv,0.020645618438720703,0.02378249168395996,0.01963019371032715
row_less_sep_row73_col6.csv,0.022745132446289062,0.024140119552612305,0.025218725204467773
row_extra_quote67_col7.csv,0.01789116859436035,0.016826391220092773,0.018804550170898438
row_extra_quote39_col4.csv,0.01747918128967285,0.017218351364135742,0.017358779907226562
row_more_sep_row49_col1.csv,0.020129680633544922,0.019578218460083008,0.019868850708007812
row_less_sep_row31_col8.csv,0.02067708969116211,0.022170305252075195,0.020217180252075195
row_less_sep_row28_col1.csv,0.020474672317504883,0.020380496978759766,0.020701169967651367
row_less_sep_row39_col3.csv,0.02116227149963379,0.021001338958740234,0.02070164680480957
row_more_sep_row37_col7.csv,0.019412755966186523,0.020328760147094727,0.03417038917541504
row_less_sep_row60_col2.csv,0.04217696189880371,0.025232791900634766,0.022391796112060547
row_less_sep_row36_col2.csv,0.02174091339111328,0.022859573364257812,0.02429032325744629
row_less_sep_row35_col5.csv,0.022284507751464844,0.02342367172241211,0.020628690719604492
row_less_sep_row70_col6.csv,0.028520584106445312,0.02554488182067871,0.024545669555664062
row_less_sep_row68_col7.csv,0.02144455909729004,0.020314693450927734,0.020521879196166992
row_extra_quote75_col2.csv,0.013306140899658203,0.016456127166748047,0.017040252685546875
row_more_sep_row3_col4.csv,0.01976776123046875,0.01945805549621582,0.019457340240478516
row_more_sep_row72_col3.csv,0.019693613052368164,0.020861148834228516,0.018993377685546875
row_more_sep_row55_col2.csv,0.020456790924072266,0.019048213958740234,0.018961191177368164
row_extra_quote8_col6.csv,0.018557310104370117,0.018097400665283203,0.01742076873779297
row_more_sep_row79_col5.csv,0.020509004592895508,0.020629167556762695,0.019910335540771484
row_field_delimiter_71_0x20.csv,0.0201418399810791,0.01901865005493164,0.019574642181396484
row_less_sep_row45_col4.csv,0.021793365478515625,0.023274660110473633,0.02588057518005371
row_extra_quote27_col0.csv,0.01765894889831543,0.01699376106262207,0.016867876052856445
row_extra_quote75_col1.csv,0.012260913848876953,0.01668238639831543,0.017102718353271484
row_extra_quote25_col2.csv,0.017481327056884766,0.01769280433654785,0.017330408096313477
row_extra_quote7_col0.csv,0.014726638793945312,0.019480228424072266,0.013514041900634766
row_extra_quote24_col1.csv,0.06441020965576172,0.04941678047180176,0.02222585678100586
row_less_sep_row58_col3.csv,0.01642441749572754,0.020808696746826172,0.0170285701751709
row_less_sep_row21_col2.csv,0.01630091667175293,0.016158103942871094,0.020412683486938477
row_extra_quote80_col2.csv,0.015160083770751953,0.020135164260864258,0.01752161979675293
row_more_sep_row5_col2.csv,0.01489877700805664,0.019807100296020508,0.014908552169799805
row_more_sep_row82_col5.csv,0.021001100540161133,0.019534826278686523,0.020281553268432617
row_extra_quote70_col7.csv,0.017930030822753906,0.01740288734436035,0.013484954833984375
row_more_sep_row45_col2.csv,0.018437623977661133,0.020265579223632812,0.021651744842529297
row_extra_quote70_col4.csv,0.014271736145019531,0.017865896224975586,0.016773700714111328
row_less_sep_row46_col3.csv,0.022793054580688477,0.025986194610595703,0.025383949279785156
row_less_sep_row80_col6.csv,0.021915912628173828,0.032424211502075195,0.025531530380249023
row_more_sep_row52_col7.csv,0.021431446075439453,0.02400064468383789,0.026790380477905273
row_less_sep_row4_col6.csv,0.034673452377319336,0.04926252365112305,0.033469200134277344
row_extra_quote13_col8.csv,0.018907546997070312,0.026436567306518555,0.017953872680664062
row_more_sep_row19_col7.csv,0.022372722625732422,0.02634263038635254,0.02639484405517578
row_more_sep_row75_col3.csv,0.02356696128845215,0.024695873260498047,0.02223801612854004
row_more_sep_row37_col2.csv,0.019869327545166016,0.01970958709716797,0.015111923217773438
row_extra_quote2_col3.csv,0.031320810317993164,0.035932064056396484,0.03705191612243652
row_less_sep_row60_col7.csv,0.03492546081542969,0.025556564331054688,0.021251916885375977
row_less_sep_row22_col6.csv,0.025905609130859375,0.025085926055908203,0.021094083786010742
row_more_sep_row9_col6.csv,0.019455432891845703,0.019023656845092773,0.021955251693725586
row_extra_quote38_col2.csv,0.017704010009765625,0.017308473587036133,0.021210670471191406
row_less_sep_row50_col4.csv,0.021874666213989258,0.02204132080078125,0.022230148315429688
row_more_sep_row62_col2.csv,0.01978445053100586,0.019504785537719727,0.02080512046813965
row_less_sep_row23_col8.csv,0.0208132266998291,0.021559715270996094,0.025751829147338867
row_less_sep_row34_col7.csv,0.021753787994384766,0.021893024444580078,0.020833253860473633
row_less_sep_row33_col1.csv,0.02136516571044922,0.020721912384033203,0.021300792694091797
row_less_sep_row45_col3.csv,0.021708965301513672,0.021589994430541992,0.021895170211791992
row_extra_quote51_col4.csv,0.01705169677734375,0.01696038246154785,0.013399362564086914
row_extra_quote43_col2.csv,0.018013954162597656,0.017977237701416016,0.016943931579589844
row_extra_quote68_col1.csv,0.01730942726135254,0.017343759536743164,0.017372846603393555
row_less_sep_row64_col6.csv,0.022289276123046875,0.021221399307250977,0.02154231071472168
row_extra_quote61_col3.csv,0.018634796142578125,0.017886877059936523,0.017548322677612305
row_extra_quote80_col0.csv,0.017856836318969727,0.01703476905822754,0.015034675598144531
row_extra_quote27_col4.csv,0.01748371124267578,0.017149925231933594,0.017229557037353516
row_more_sep_row45_col4.csv,0.019319772720336914,0.019508838653564453,0.020306110382080078
row_extra_quote14_col8.csv,0.017586708068847656,0.013219833374023438,0.017682790756225586
row_extra_quote60_col2.csv,0.017596721649169922,0.018248558044433594,0.01905202865600586
row_less_sep_row28_col5.csv,0.03091740608215332,0.024317264556884766,0.024494171142578125
row_less_sep_row56_col2.csv,0.021185636520385742,0.021199703216552734,0.021750450134277344
row_more_sep_row51_col3.csv,0.020165443420410156,0.020064592361450195,0.019472599029541016
row_extra_quote45_col7.csv,0.01745152473449707,0.016747713088989258,0.017015695571899414
row_extra_quote83_col0.csv,0.012786865234375,0.012403726577758789,0.01690363883972168
row_more_sep_row22_col2.csv,0.02064371109008789,0.019478797912597656,0.02048778533935547
row_more_sep_row10_col6.csv,0.020920991897583008,0.015184164047241211,0.015532970428466797
row_extra_quote58_col5.csv,0.012857437133789062,0.016919851303100586,0.016786813735961914
row_extra_quote54_col4.csv,0.017427444458007812,0.017870187759399414,0.01717972755432129
row_more_sep_row62_col4.csv,0.019505739212036133,0.015005111694335938,0.019679784774780273
row_less_sep_row10_col8.csv,0.021094799041748047,0.02161860466003418,0.021527528762817383
row_more_sep_row2_col2.csv,0.020925283432006836,0.020431995391845703,0.02001357078552246
row_less_sep_row36_col1.csv,0.021579504013061523,0.021521329879760742,0.022248506546020508
row_less_sep_row71_col2.csv,0.020748615264892578,0.02125692367553711,0.021241426467895508
row_field_delimiter_29_0x20.csv,0.020060300827026367,0.01999354362487793,0.020525455474853516
row_less_sep_row75_col6.csv,0.02085733413696289,0.01965188980102539,0.02013254165649414
row_extra_quote50_col1.csv,0.017509937286376953,0.01681208610534668,0.01711559295654297
row_extra_quote32_col2.csv,0.013276338577270508,0.017256975173950195,0.016901254653930664
row_more_sep_row74_col7.csv,0.01927471160888672,0.019278764724731445,0.02000570297241211
row_less_sep_row50_col5.csv,0.022545337677001953,0.02575397491455078,0.0219724178314209
row_extra_quote35_col0.csv,0.017461776733398438,0.01701641082763672,0.013422012329101562
row_more_sep_row51_col1.csv,0.015233278274536133,0.021457672119140625,0.021314382553100586
row_more_sep_row1_col8.csv,0.02121710777282715,0.019725322723388672,0.020154714584350586
row_less_sep_row20_col1.csv,0.022300243377685547,0.02200031280517578,0.021750688552856445
row_extra_quote20_col7.csv,0.01761150360107422,0.01810598373413086,0.017824172973632812
row_extra_quote73_col4.csv,0.01256561279296875,0.028913021087646484,0.016791105270385742
row_extra_quote65_col0.csv,0.018219709396362305,0.012537956237792969,0.017997264862060547
row_less_sep_row36_col4.csv,0.021780967712402344,0.02206563949584961,0.021999359130859375
row_extra_quote13_col2.csv,0.017801761627197266,0.017808914184570312,0.01846766471862793
row_more_sep_row63_col4.csv,0.019733190536499023,0.019906282424926758,0.020021677017211914
row_less_sep_row47_col3.csv,0.02243494987487793,0.021522045135498047,0.022134065628051758
row_less_sep_row53_col7.csv,0.021138906478881836,0.021098613739013672,0.025639772415161133
row_extra_quote10_col7.csv,0.018102645874023438,0.013310909271240234,0.01854252815246582
row_extra_quote38_col4.csv,0.017864704132080078,0.01761341094970703,0.017455101013183594
row_extra_quote38_col5.csv,0.017409324645996094,0.01719522476196289,0.01799917221069336
row_extra_quote26_col1.csv,0.013315200805664062,0.02099752426147461,0.013249397277832031
row_extra_quote58_col0.csv,0.020437002182006836,0.01702117919921875,0.017453432083129883
row_less_sep_row21_col7.csv,0.02124762535095215,0.02183818817138672,0.021272897720336914
row_less_sep_row65_col3.csv,0.0219419002532959,0.023469924926757812,0.024402379989624023
row_more_sep_row14_col2.csv,0.02314615249633789,0.028495073318481445,0.022016286849975586
row_less_sep_row83_col3.csv,0.021562814712524414,0.02175450325012207,0.022557973861694336
row_more_sep_row22_col6.csv,0.01943492889404297,0.019899368286132812,0.03140616416931152
row_extra_quote21_col6.csv,0.020276308059692383,0.030359506607055664,0.036388397216796875
row_extra_quote16_col1.csv,0.03624844551086426,0.014309167861938477,0.013915061950683594
row_extra_quote26_col8.csv,0.01333165168762207,0.018306732177734375,0.018947601318359375
row_extra_quote69_col6.csv,0.01767420768737793,0.016556978225708008,0.016910791397094727
row_less_sep_row1_col3.csv,0.021626949310302734,0.021425962448120117,0.021843433380126953
row_extra_quote48_col1.csv,0.017034292221069336,0.01770925521850586,0.01724863052368164
row_less_sep_row18_col8.csv,0.0215301513671875,0.020917415618896484,0.02187180519104004
row_extra_quote22_col5.csv,0.0174558162689209,0.017299652099609375,0.013885259628295898
row_more_sep_row0_col5.csv,0.02017521858215332,0.013029813766479492,0.017410993576049805
row_less_sep_row14_col8.csv,0.02193617820739746,0.020768165588378906,0.023751497268676758
row_less_sep_row79_col4.csv,0.021015167236328125,0.021378040313720703,0.02124762535095215
row_less_sep_row80_col2.csv,0.02094125747680664,0.020961999893188477,0.021274089813232422
row_extra_quote38_col1.csv,0.013082027435302734,0.012991666793823242,0.019262075424194336
row_less_sep_row61_col7.csv,0.021320819854736328,0.02245187759399414,0.022863388061523438
row_less_sep_row11_col2.csv,0.022425174713134766,0.021175622940063477,0.02237725257873535
row_less_sep_row8_col5.csv,0.024260520935058594,0.024136781692504883,0.030170202255249023
row_less_sep_row39_col1.csv,0.022391557693481445,0.02246236801147461,0.021779775619506836
row_field_delimiter_12_0x20.csv,0.022481679916381836,0.021917343139648438,0.021518707275390625
row_less_sep_row31_col4.csv,0.02182793617248535,0.02097797393798828,0.02172088623046875
row_more_sep_row70_col8.csv,0.02030658721923828,0.019110679626464844,0.020200252532958984
row_less_sep_row48_col4.csv,0.021498680114746094,0.021496295928955078,0.021529197692871094
row_less_sep_row68_col8.csv,0.022319316864013672,0.02087879180908203,0.02152395248413086
row_field_delimiter_6_0x20.csv,0.020651817321777344,0.020891666412353516,0.02065563201904297
row_extra_quote67_col6.csv,0.017672061920166016,0.017050743103027344,0.012995719909667969
row_extra_quote75_col8.csv,0.014312982559204102,0.01701641082763672,0.0164492130279541
row_extra_quote49_col4.csv,0.017371416091918945,0.017297983169555664,0.017323017120361328
row_extra_quote71_col0.csv,0.012393951416015625,0.01633763313293457,0.016887664794921875
row_less_sep_row43_col4.csv,0.021942615509033203,0.022514820098876953,0.0227203369140625
row_extra_quote24_col8.csv,0.01731705665588379,0.016936779022216797,0.01715683937072754
row_more_sep_row17_col7.csv,0.019072771072387695,0.019168853759765625,0.019074678421020508
row_more_sep_row64_col5.csv,0.019842863082885742,0.019386768341064453,0.020568370819091797
row_less_sep_row47_col4.csv,0.02170586585998535,0.022546052932739258,0.02121567726135254
row_extra_quote78_col0.csv,0.017780780792236328,0.019604921340942383,0.017227649688720703
row_extra_quote41_col4.csv,0.017404556274414062,0.01713252067565918,0.012761354446411133
row_less_sep_row6_col2.csv,0.02637791633605957,0.02123093605041504,0.022128820419311523
row_extra_quote81_col4.csv,0.016139984130859375,0.016650676727294922,0.01652669906616211
row_less_sep_row60_col4.csv,0.020969629287719727,0.021948575973510742,0.02199101448059082
row_extra_quote36_col0.csv,0.01831674575805664,0.016734838485717773,0.01695990562438965
row_extra_quote63_col3.csv,0.012444257736206055,0.016867637634277344,0.017295122146606445
row_less_sep_row9_col6.csv,0.0211484432220459,0.0212857723236084,0.020725727081298828
row_more_sep_row38_col3.csv,0.019804954528808594,0.022581815719604492,0.019864797592163086
row_extra_quote62_col0.csv,0.0171051025390625,0.012601375579833984,0.016904354095458984
row_less_sep_row49_col7.csv,0.02094888687133789,0.02471923828125,0.020345687866210938
row_less_sep_row39_col4.csv,0.02062678337097168,0.025936365127563477,0.024739980697631836
row_extra_quote64_col7.csv,0.016661405563354492,0.01670217514038086,0.0211031436920166
row_less_sep_row0_col7.csv,0.016971826553344727,0.017224788665771484,0.021009445190429688
row_more_sep_row64_col1.csv,0.019552230834960938,0.019817352294921875,0.01958942413330078
row_more_sep_row14_col5.csv,0.01971149444580078,0.020258188247680664,0.019474506378173828
row_more_sep_row17_col3.csv,0.019710779190063477,0.019309282302856445,0.022548675537109375
row_more_sep_row68_col3.csv,0.019556522369384766,0.020201444625854492,0.020474672317504883
row_less_sep_row70_col1.csv,0.02380228042602539,0.021633386611938477,0.02126479148864746
row_more_sep_row69_col4.csv,0.01999521255493164,0.020912885665893555,0.019951581954956055
row_less_sep_row4_col3.csv,0.022292375564575195,0.021842479705810547,0.02386331558227539
row_more_sep_row4_col8.csv,0.019965648651123047,0.0213472843170166,0.022304773330688477
row_less_sep_row67_col1.csv,0.021831512451171875,0.021677494049072266,0.051035165786743164
row_more_sep_row16_col4.csv,0.03007197380065918,0.0218508243560791,0.020430564880371094
row_less_sep_row22_col5.csv,0.023401260375976562,0.025099754333496094,0.023685455322265625
row_less_sep_row64_col5.csv,0.024688243865966797,0.024313688278198242,0.024653196334838867
row_field_delimiter_68_0x20.csv,0.019947290420532227,0.019727468490600586,0.01960134506225586
row_more_sep_row40_col8.csv,0.01519012451171875,0.019657373428344727,0.019446849822998047
row_extra_quote26_col2.csv,0.013633966445922852,0.017249584197998047,0.01788163185119629
row_field_delimiter_11_0x20.csv,0.019824981689453125,0.019334077835083008,0.01972174644470215
row_less_sep_row71_col6.csv,0.020518779754638672,0.020869016647338867,0.028551340103149414
row_less_sep_row30_col4.csv,0.022131681442260742,0.02083611488342285,0.021442174911499023
row_extra_quote75_col3.csv,0.017097949981689453,0.016369342803955078,0.012372732162475586
row_more_sep_row13_col8.csv,0.01984429359436035,0.019791603088378906,0.019945859909057617
row_extra_quote1_col6.csv,0.01785135269165039,0.013639211654663086,0.01431417465209961
row_more_sep_row80_col0.csv,0.015056133270263672,0.020612239837646484,0.0195310115814209
row_less_sep_row74_col5.csv,0.0216372013092041,0.020975112915039062,0.02180790901184082
row_more_sep_row11_col3.csv,0.019438743591308594,0.019135475158691406,0.019171714782714844
row_extra_quote26_col5.csv,0.017863988876342773,0.01722550392150879,0.017132997512817383
row_field_delimiter_81_0x20.csv,0.01987767219543457,0.015259027481079102,0.02148151397705078
row_more_sep_row58_col7.csv,0.02519536018371582,0.019695520401000977,0.01956033706665039
row_more_sep_row79_col0.csv,0.020012855529785156,0.019520282745361328,0.019610166549682617
row_extra_quote53_col1.csv,0.01725292205810547,0.016998291015625,0.01693272590637207
row_extra_quote18_col0.csv,0.01308584213256836,0.013210535049438477,0.017754554748535156
row_more_sep_row18_col5.csv,0.019224166870117188,0.019327402114868164,0.019403696060180664
row_extra_quote71_col5.csv,0.016654491424560547,0.012343883514404297,0.016878843307495117
row_more_sep_row73_col4.csv,0.0197598934173584,0.019746780395507812,0.021097898483276367
row_more_sep_row68_col0.csv,0.02800297737121582,0.02435016632080078,0.019777536392211914
row_more_sep_row4_col4.csv,0.019804000854492188,0.019649267196655273,0.020752429962158203
row_extra_quote47_col3.csv,0.017573118209838867,0.017192840576171875,0.017365694046020508
row_less_sep_row53_col6.csv,0.02108478546142578,0.02133631706237793,0.021218061447143555
row_more_sep_row46_col4.csv,0.020188331604003906,0.0199129581451416,0.019762516021728516
row_extra_quote37_col6.csv,0.01732015609741211,0.017208337783813477,0.018007993698120117
row_less_sep_row4_col5.csv,0.021852970123291016,0.022385120391845703,0.022137880325317383
row_less_sep_row61_col6.csv,0.0214231014251709,0.02149653434753418,0.02143692970275879
row_less_sep_row27_col4.csv,0.023282527923583984,0.022239208221435547,0.021637678146362305
row_more_sep_row47_col8.csv,0.0192415714263916,0.019272565841674805,0.01959824562072754
row_extra_quote42_col2.csv,0.0173184871673584,0.012802839279174805,0.013404607772827148
row_less_sep_row31_col7.csv,0.021030187606811523,0.02085590362548828,0.024894237518310547
row_less_sep_row40_col5.csv,0.02353954315185547,0.02332019805908203,0.023683547973632812
row_more_sep_row39_col7.csv,0.019352436065673828,0.019149065017700195,0.019165992736816406
row_extra_quote74_col2.csv,0.016614913940429688,0.016387462615966797,0.012730836868286133
row_more_sep_row67_col7.csv,0.014920473098754883,0.014722347259521484,0.01929616928100586
row_more_sep_row62_col8.csv,0.019615650177001953,0.019208669662475586,0.019400596618652344
row_more_sep_row20_col2.csv,0.01924610137939453,0.019167184829711914,0.01950216293334961
row_more_sep_row46_col5.csv,0.018981456756591797,0.019003868103027344,0.019056320190429688
row_less_sep_row62_col5.csv,0.02100348472595215,0.020843982696533203,0.020916461944580078
row_extra_quote82_col4.csv,0.017078876495361328,0.01663494110107422,0.016323089599609375
row_extra_quote78_col2.csv,0.01971602439880371,0.012555837631225586,0.01665186882019043
row_less_sep_row24_col2.csv,0.02138686180114746,0.02210545539855957,0.02207636833190918
row_extra_quote1_col8.csv,0.018417835235595703,0.017856836318969727,0.017805099487304688
row_less_sep_row54_col1.csv,0.021402835845947266,0.02125263214111328,0.021425724029541016
row_more_sep_row82_col2.csv,0.01953125,0.019438505172729492,0.01941967010498047
row_more_sep_row2_col5.csv,0.020867586135864258,0.019347190856933594,0.019444942474365234
row_more_sep_row10_col5.csv,0.020334243774414062,0.019904136657714844,0.01919245719909668
row_extra_quote3_col5.csv,0.017767667770385742,0.017160415649414062,0.0180814266204834
row_more_sep_row74_col4.csv,0.019887208938598633,0.02010059356689453,0.019358396530151367
row_more_sep_row16_col7.csv,0.019698143005371094,0.019243955612182617,0.019257068634033203
row_more_sep_row64_col0.csv,0.019600391387939453,0.01947307586669922,0.019249916076660156
row_extra_quote52_col3.csv,0.01720595359802246,0.017012834548950195,0.013196945190429688
row_extra_quote83_col5.csv,0.017299413681030273,0.016675949096679688,0.01823711395263672
row_less_sep_row7_col3.csv,0.021731138229370117,0.021838903427124023,0.026404142379760742
row_more_sep_row77_col2.csv,0.020148515701293945,0.019702911376953125,0.020142316818237305
row_field_delimiter_66_0x20.csv,0.015584945678710938,0.020941972732543945,0.020235061645507812
row_more_sep_row40_col7.csv,0.019421100616455078,0.020097732543945312,0.0199739933013916
row_extra_quote51_col0.csv,0.0171048641204834,0.01290273666381836,0.012915849685668945
row_extra_quote71_col1.csv,0.017159223556518555,0.017954349517822266,0.017116785049438477
row_more_sep_row54_col3.csv,0.01951313018798828,0.024025440216064453,0.0234830379486084
row_less_sep_row30_col6.csv,0.020955324172973633,0.02135300636291504,0.021347761154174805
row_extra_quote52_col4.csv,0.017848730087280273,0.01729106903076172,0.017073392868041992
row_extra_quote82_col7.csv,0.017147541046142578,0.01636052131652832,0.01319122314453125
row_less_sep_row60_col5.csv,0.025368213653564453,0.024363994598388672,0.024784564971923828
row_more_sep_row13_col3.csv,0.016113758087158203,0.040660858154296875,0.03988313674926758
row_more_sep_row14_col3.csv,0.02013540267944336,0.01983952522277832,0.019344329833984375
row_less_sep_row4_col1.csv,0.025145530700683594,0.01704096794128418,0.02171468734741211
row_less_sep_row43_col5.csv,0.01727581024169922,0.04183387756347656,0.020578622817993164
row_extra_quote4_col7.csv,0.01815629005432129,0.013235330581665039,0.018778562545776367
row_extra_quote10_col8.csv,0.014137983322143555,0.012968301773071289,0.020192623138427734
row_field_delimiter_5_0x20.csv,0.019701719284057617,0.021566152572631836,0.020722150802612305
row_less_sep_row10_col2.csv,0.04465341567993164,0.04542255401611328,0.02306365966796875
row_less_sep_row5_col8.csv,0.02394866943359375,0.02061009407043457,0.021802425384521484
row_less_sep_row17_col4.csv,0.01796555519104004,0.021325349807739258,0.02986454963684082
row_extra_quote11_col6.csv,0.031167984008789062,0.03085017204284668,0.022925853729248047
row_less_sep_row77_col1.csv,0.01793074607849121,0.017830371856689453,0.017885446548461914
row_extra_quote7_col1.csv,0.014323711395263672,0.02162909507751465,0.013374805450439453
row_more_sep_row30_col2.csv,0.015348672866821289,0.015517473220825195,0.015314579010009766
row_less_sep_row14_col1.csv,0.021575212478637695,0.026430845260620117,0.021286964416503906
row_extra_quote6_col5.csv,0.019239425659179688,0.019178152084350586,0.018322467803955078
row_more_sep_row26_col4.csv,0.020667314529418945,0.020668506622314453,0.026781320571899414
row_more_sep_row39_col5.csv,0.01685929298400879,0.020761966705322266,0.020440101623535156
row_extra_quote82_col0.csv,0.03480124473571777,0.015409231185913086,0.016967058181762695
row_extra_quote0_col5.csv,0.02388930320739746,0.0309145450592041,0.030482769012451172
row_extra_quote23_col2.csv,0.027168989181518555,0.028172969818115234,0.017920732498168945
row_more_sep_row5_col8.csv,0.01573967933654785,0.015381574630737305,0.015484809875488281
row_more_sep_row60_col0.csv,0.015314340591430664,0.017529010772705078,0.017655611038208008
row_less_sep_row8_col7.csv,0.02343010902404785,0.02308058738708496,0.03511333465576172
row_more_sep_row51_col4.csv,0.03362607955932617,0.03406262397766113,0.01995253562927246
row_less_sep_row46_col4.csv,0.02126598358154297,0.024169921875,0.02208423614501953
row_less_sep_row58_col5.csv,0.025270938873291016,0.02033829689025879,0.0243833065032959
row_less_sep_row41_col5.csv,0.016825199127197266,0.02531886100769043,0.02124619483947754
row_less_sep_row34_col1.csv,0.017024993896484375,0.02104473114013672,0.017665863037109375
row_extra_quote48_col2.csv,0.014763355255126953,0.018547534942626953,0.014368295669555664
row_more_sep_row2_col3.csv,0.019690513610839844,0.016030311584472656,0.016329526901245117
row_extra_quote0_col2.csv,0.013424396514892578,0.014066219329833984,0.015988826751708984
row_extra_quote78_col1.csv,0.017670154571533203,0.012959718704223633,0.019371986389160156
row_more_sep_row43_col0.csv,0.01578354835510254,0.022547245025634766,0.034742116928100586
row_more_sep_row1_col6.csv,0.029411792755126953,0.020658493041992188,0.01769280433654785
row_less_sep_row33_col2.csv,0.021613121032714844,0.023781299591064453,0.019066572189331055
row_extra_quote31_col7.csv,0.015418529510498047,0.014087200164794922,0.014597654342651367
row_more_sep_row30_col6.csv,0.021249055862426758,0.01690363883972168,0.019686222076416016
row_more_sep_row54_col5.csv,0.01834726333618164,0.0220794677734375,0.01994943618774414
row_more_sep_row0_col0.csv,0.013149261474609375,0.017668962478637695,0.016476869583129883
row_less_sep_row47_col8.csv,0.02168440818786621,0.020899057388305664,0.021148681640625
row_extra_quote23_col8.csv,0.017774581909179688,0.017395973205566406,0.024495363235473633
row_less_sep_row69_col1.csv,0.026882648468017578,0.022084712982177734,0.021393537521362305
row_more_sep_row8_col0.csv,0.020743370056152344,0.01987624168395996,0.01923084259033203
row_extra_quote34_col0.csv,0.017173290252685547,0.01297140121459961,0.012991905212402344
row_extra_quote23_col1.csv,0.016877174377441406,0.012961149215698242,0.01742100715637207
row_extra_quote43_col7.csv,0.017025232315063477,0.017116546630859375,0.018105030059814453
row_more_sep_row38_col7.csv,0.019526958465576172,0.019297361373901367,0.020389318466186523
row_more_sep_row28_col1.csv,0.020029544830322266,0.023966312408447266,0.025029897689819336
row_more_sep_row6_col3.csv,0.015930652618408203,0.028879165649414062,0.04819536209106445
row_extra_quote35_col6.csv,0.022247314453125,0.017458677291870117,0.01270747184753418
row_less_sep_row2_col7.csv,0.018934011459350586,0.01974940299987793,0.018871784210205078
row_more_sep_row76_col3.csv,0.01672053337097168,0.02054905891418457,0.01595759391784668
row_extra_quote78_col7.csv,0.01765918731689453,0.01280832290649414,0.012285709381103516
row_extra_quote33_col2.csv,0.014047622680664062,0.02068305015563965,0.013538360595703125
row_more_sep_row68_col6.csv,0.020043611526489258,0.015333175659179688,0.020203590393066406
row_more_sep_row48_col6.csv,0.019330978393554688,0.015618324279785156,0.01957082748413086
row_more_sep_row58_col6.csv,0.02008819580078125,0.020856380462646484,0.0195159912109375
row_more_sep_row34_col2.csv,0.020283222198486328,0.01985955238342285,0.0236508846282959
row_less_sep_row72_col5.csv,0.022776126861572266,0.02563762664794922,0.025732994079589844
row_field_delimiter_44_0x20.csv,0.019959211349487305,0.015309333801269531,0.0156862735748291
row_extra_quote18_col5.csv,0.01775074005126953,0.01749563217163086,0.012988805770874023
row_more_sep_row27_col8.csv,0.015337228775024414,0.019430875778198242,0.019385099411010742
row_more_sep_row21_col4.csv,0.019861459732055664,0.01960897445678711,0.01542520523071289
row_more_sep_row9_col0.csv,0.03873562812805176,0.024368762969970703,0.02277970314025879
row_more_sep_row27_col1.csv,0.038574934005737305,0.032242536544799805,0.037380218505859375
row_less_sep_row53_col4.csv,0.03356051445007324,0.024751663208007812,0.030287981033325195
row_more_sep_row80_col6.csv,0.017641782760620117,0.015042543411254883,0.015227317810058594
row_extra_quote52_col2.csv,0.012488126754760742,0.012731552124023438,0.012876033782958984
row_extra_quote45_col1.csv,0.012859821319580078,0.01295328140258789,0.012938499450683594
row_extra_quote58_col6.csv,0.013509750366210938,0.013495445251464844,0.01262521743774414
row_more_sep_row51_col8.csv,0.019458770751953125,0.018954038619995117,0.019626140594482422
row_extra_quote43_col0.csv,0.013606548309326172,0.01813673973083496,0.013420581817626953
row_extra_quote45_col0.csv,0.014971256256103516,0.016846656799316406,0.013081789016723633
row_less_sep_row69_col8.csv,0.021708011627197266,0.021822214126586914,0.03561830520629883
row_less_sep_row72_col8.csv,0.03754758834838867,0.04542040824890137,0.039121389389038086
row_extra_quote56_col3.csv,0.013761758804321289,0.01281428337097168,0.013367891311645508
row_more_sep_row15_col8.csv,0.01611161231994629,0.01525425910949707,0.016165733337402344
row_less_sep_row13_col2.csv,0.017728805541992188,0.0169222354888916,0.018979549407958984
row_field_delimiter_2_0x20.csv,0.01667952537536621,0.023882627487182617,0.02776169776916504
row_less_sep_row73_col2.csv,0.028904438018798828,0.021052837371826172,0.021639585494995117
row_extra_quote37_col5.csv,0.019190073013305664,0.017787933349609375,0.01692032814025879
row_extra_quote54_col6.csv,0.013275384902954102,0.01690530776977539,0.017035484313964844
row_more_sep_row24_col6.csv,0.019411325454711914,0.019069194793701172,0.019092082977294922
row_more_sep_row57_col3.csv,0.019729137420654297,0.01918959617614746,0.0194244384765625
row_more_sep_row7_col8.csv,0.01893758773803711,0.019387483596801758,0.019643783569335938
row_more_sep_row53_col2.csv,0.020944595336914062,0.019055604934692383,0.01976752281188965
row_more_sep_row23_col3.csv,0.02034735679626465,0.027972936630249023,0.015216350555419922
row_more_sep_row28_col4.csv,0.019397735595703125,0.019770145416259766,0.01968216896057129
row_extra_quote51_col2.csv,0.016894102096557617,0.016911983489990234,0.017014503479003906
row_extra_quote10_col0.csv,0.013320684432983398,0.017843008041381836,0.016898393630981445
row_more_sep_row49_col0.csv,0.019520282745361328,0.01959538459777832,0.019614458084106445
row_field_delimiter_9_0x20.csv,0.020087480545043945,0.020000696182250977,0.020746469497680664
row_extra_quote75_col4.csv,0.01681208610534668,0.01627063751220703,0.01395726203918457
row_more_sep_row3_col5.csv,0.019292116165161133,0.019220352172851562,0.019101619720458984
row_less_sep_row7_col6.csv,0.019626617431640625,0.019079923629760742,0.0192105770111084
row_less_sep_row69_col4.csv,0.020652055740356445,0.021959781646728516,0.023251056671142578
row_extra_quote31_col2.csv,0.013049602508544922,0.017093658447265625,0.020318031311035156
row_less_sep_row15_col2.csv,0.021179676055908203,0.020900487899780273,0.020720243453979492
row_extra_quote16_col3.csv,0.018403291702270508,0.017274141311645508,0.0130462646484375
row_less_sep_row66_col6.csv,0.019884586334228516,0.01921868324279785,0.019649744033813477
row_less_sep_row29_col1.csv,0.02169013023376465,0.0213167667388916,0.025102853775024414
row_extra_quote40_col4.csv,0.01735401153564453,0.01674365997314453,0.016980886459350586
row_more_sep_row27_col3.csv,0.01983189582824707,0.01946091651916504,0.019501924514770508
row_less_sep_row54_col8.csv,0.020699024200439453,0.020600318908691406,0.02086186408996582
row_extra_quote9_col6.csv,0.017380237579345703,0.017364501953125,0.01739335060119629
row_less_sep_row43_col7.csv,0.02144026756286621,0.021322965621948242,0.02126169204711914
row_less_sep_row59_col6.csv,0.025040149688720703,0.02937912940979004,0.02473926544189453
row_extra_quote54_col3.csv,0.01759171485900879,0.01653313636779785,0.017111539840698242
row_extra_quote70_col5.csv,0.016628026962280273,0.01232767105102539,0.016897201538085938
row_extra_quote33_col7.csv,0.016962766647338867,0.017314910888671875,0.01703929901123047
row_extra_quote81_col2.csv,0.012360334396362305,0.016432762145996094,0.017166614532470703
row_more_sep_row32_col1.csv,0.01948857307434082,0.019528627395629883,0.019617795944213867
row_less_sep_row11_col7.csv,0.020859479904174805,0.021803855895996094,0.02303910255432129
row_less_sep_row5_col2.csv,0.02058577537536621,0.02051854133605957,0.020909547805786133
row_extra_quote2_col2.csv,0.013458251953125,0.01812458038330078,0.017047643661499023
row_extra_quote30_col0.csv,0.01737380027770996,0.01727461814880371,0.017804861068725586
row_extra_quote65_col1.csv,0.01696491241455078,0.012613534927368164,0.01691269874572754
row_less_sep_row19_col5.csv,0.02921915054321289,0.025041818618774414,0.024678945541381836
row_extra_quote41_col7.csv,0.017595529556274414,0.016927003860473633,0.016765594482421875
row_less_sep_row62_col3.csv,0.02126932144165039,0.020541906356811523,0.02716970443725586
row_extra_quote50_col7.csv,0.024066686630249023,0.019721269607543945,0.017122507095336914
row_less_sep_row49_col5.csv,0.02913212776184082,0.02304673194885254,0.02301931381225586
row_less_sep_row59_col4.csv,0.021237611770629883,0.02242875099182129,0.02350306510925293
row_less_sep_row38_col7.csv,0.021117210388183594,0.02205657958984375,0.027909040451049805
row_extra_quote10_col1.csv,0.019223928451538086,0.01804828643798828,0.01609063148498535
row_less_sep_row43_col2.csv,0.02250814437866211,0.02137589454650879,0.023097991943359375
row_field_delimiter_75_0x20.csv,0.021274328231811523,0.022001266479492188,0.020899295806884766
row_extra_quote47_col1.csv,0.01913738250732422,0.01442861557006836,0.020912647247314453
row_less_sep_row76_col5.csv,0.02404046058654785,0.021759986877441406,0.02130889892578125
row_extra_quote38_col6.csv,0.017818927764892578,0.017572641372680664,0.013595342636108398
row_less_sep_row19_col4.csv,0.021306991577148438,0.02189326286315918,0.021755456924438477
row_extra_quote44_col0.csv,0.018764019012451172,0.01729297637939453,0.01715564727783203
row_more_sep_row52_col1.csv,0.020397186279296875,0.020346403121948242,0.021497726440429688
row_extra_quote46_col4.csv,0.017157793045043945,0.018158435821533203,0.020071983337402344
row_more_sep_row47_col2.csv,0.0201261043548584,0.021926164627075195,0.024714946746826172
row_extra_quote14_col5.csv,0.0178678035736084,0.01824188232421875,0.018789291381835938
row_more_sep_row23_col1.csv,0.021945476531982422,0.01997065544128418,0.019541263580322266
row_more_sep_row50_col7.csv,0.019268274307250977,0.019001245498657227,0.020174264907836914
row_more_sep_row12_col1.csv,0.019856929779052734,0.019907712936401367,0.020862817764282227
row_more_sep_row39_col0.csv,0.020123004913330078,0.019671201705932617,0.020022869110107422
row_less_sep_row76_col3.csv,0.021367788314819336,0.027263641357421875,0.022716760635375977
row_more_sep_row72_col6.csv,0.020498037338256836,0.019704580307006836,0.019893407821655273
row_extra_quote33_col5.csv,0.017479658126831055,0.01685166358947754,0.017273664474487305
row_more_sep_row31_col3.csv,0.01935863494873047,0.019600391387939453,0.021129608154296875
row_less_sep_row44_col4.csv,0.023397207260131836,0.023613691329956055,0.021766185760498047
row_less_sep_row24_col4.csv,0.021966218948364258,0.023318052291870117,0.023236513137817383
row_more_sep_row79_col3.csv,0.01993393898010254,0.020084381103515625,0.019797563552856445
row_less_sep_row55_col5.csv,0.022661209106445312,0.021100521087646484,0.022609472274780273
row_less_sep_row53_col1.csv,0.01701974868774414,0.021294116973876953,0.020900487899780273
row_more_sep_row13_col2.csv,0.019853830337524414,0.020482778549194336,0.019577503204345703
row_more_sep_row7_col5.csv,0.019605636596679688,0.019530296325683594,0.01952528953552246
row_more_sep_row43_col1.csv,0.020111799240112305,0.021171092987060547,0.025576114654541016
row_more_sep_row33_col3.csv,0.022102832794189453,0.01984858512878418,0.019611120223999023
row_extra_quote74_col3.csv,0.018414735794067383,0.017038345336914062,0.016446590423583984
row_extra_quote4_col5.csv,0.015325784683227539,0.017930269241333008,0.01853799819946289
row_less_sep_row78_col6.csv,0.027071714401245117,0.02339959144592285,0.027662992477416992
row_less_sep_row24_col6.csv,0.015302658081054688,0.01952075958251953,0.01979827880859375
row_less_sep_row6_col6.csv,0.021282196044921875,0.020957469940185547,0.020996570587158203
row_less_sep_row62_col8.csv,0.021277666091918945,0.022217273712158203,0.022318601608276367
row_extra_quote79_col4.csv,0.016760826110839844,0.018740177154541016,0.017345666885375977
row_less_sep_row0_col5.csv,0.01854419708251953,0.01701974868774414,0.016720294952392578
row_extra_quote51_col3.csv,0.012700319290161133,0.017009496688842773,0.020087003707885742
row_less_sep_row39_col6.csv,0.022067785263061523,0.021481990814208984,0.019971609115600586
row_extra_quote62_col3.csv,0.013098001480102539,0.018353939056396484,0.017882108688354492
row_more_sep_row4_col3.csv,0.02141880989074707,0.019606590270996094,0.031290292739868164
row_less_sep_row76_col2.csv,0.021519899368286133,0.023004770278930664,0.020898103713989258
row_less_sep_row6_col5.csv,0.023156404495239258,0.021116018295288086,0.0271456241607666
row_more_sep_row8_col4.csv,0.019779205322265625,0.02011895179748535,0.01949334144592285
row_extra_quote79_col5.csv,0.016537904739379883,0.013257026672363281,0.016658306121826172
row_more_sep_row56_col3.csv,0.02152276039123535,0.019519329071044922,0.02159595489501953
row_more_sep_row82_col3.csv,0.019634008407592773,0.02014756202697754,0.02006816864013672
row_extra_quote68_col0.csv,0.012965202331542969,0.016800642013549805,0.016373872756958008
row_more_sep_row61_col5.csv,0.02053523063659668,0.020598173141479492,0.019843339920043945
row_more_sep_row62_col0.csv,0.019785404205322266,0.019721269607543945,0.02002263069152832
row_less_sep_row16_col7.csv,0.017228126525878906,0.021347999572753906,0.02377915382385254
row_extra_quote3_col8.csv,0.018677711486816406,0.019133567810058594,0.018778085708618164
row_less_sep_row20_col3.csv,0.022411823272705078,0.02341604232788086,0.023329973220825195
row_extra_quote14_col7.csv,0.017934560775756836,0.017710447311401367,0.018712282180786133
row_extra_quote8_col5.csv,0.01804351806640625,0.01887369155883789,0.018788576126098633
row_more_sep_row13_col7.csv,0.01937103271484375,0.019333839416503906,0.019409656524658203
row_extra_quote43_col5.csv,0.017349720001220703,0.017582416534423828,0.019118070602416992
row_more_sep_row11_col7.csv,0.019371986389160156,0.019396543502807617,0.01943659782409668
row_extra_quote76_col8.csv,0.012661457061767578,0.017072677612304688,0.016788005828857422
row_more_sep_row49_col5.csv,0.02158522605895996,0.019375324249267578,0.021328449249267578
row_more_sep_row1_col7.csv,0.019799470901489258,0.019472122192382812,0.02066206932067871
row_more_sep_row78_col0.csv,0.02050304412841797,0.01901412010192871,0.0193789005279541
row_more_sep_row53_col1.csv,0.01982283592224121,0.019637346267700195,0.020357131958007812
row_extra_quote20_col5.csv,0.017674684524536133,0.017953157424926758,0.018435239791870117
row_extra_quote69_col4.csv,0.016905546188354492,0.017175674438476562,0.019368886947631836
row_more_sep_row55_col3.csv,0.01922440528869629,0.02065730094909668,0.020006179809570312
row_less_sep_row31_col5.csv,0.02128434181213379,0.021493196487426758,0.023995161056518555
row_extra_quote42_col4.csv,0.017763376235961914,0.018259525299072266,0.0186307430267334
row_less_sep_row7_col4.csv,0.023546218872070312,0.02303910255432129,0.0293271541595459
row_more_sep_row25_col8.csv,0.022371768951416016,0.021759033203125,0.02177715301513672
row_more_sep_row71_col6.csv,0.020190000534057617,0.0202178955078125,0.01975393295288086
row_extra_quote7_col2.csv,0.013992071151733398,0.018335342407226562,0.01959991455078125
row_extra_quote14_col3.csv,0.020085573196411133,0.017670154571533203,0.018125295639038086
row_more_sep_row43_col6.csv,0.02065587043762207,0.019962787628173828,0.02008199691772461
row_extra_quote81_col5.csv,0.016647815704345703,0.01685047149658203,0.0123138427734375
row_less_sep_row63_col8.csv,0.020554542541503906,0.020282506942749023,0.020502805709838867
row_more_sep_row55_col6.csv,0.019446849822998047,0.01903510093688965,0.019739866256713867
row_less_sep_row45_col2.csv,0.020904064178466797,0.02161121368408203,0.021326780319213867
row_less_sep_row27_col7.csv,0.022013187408447266,0.022053241729736328,0.021534204483032227
row_extra_quote80_col1.csv,0.01703786849975586,0.016888141632080078,0.016768217086791992
row_more_sep_row61_col6.csv,0.019585132598876953,0.019400358200073242,0.019292354583740234
row_more_sep_row67_col8.csv,0.0172576904296875,0.01508641242980957,0.024452924728393555
row_more_sep_row60_col8.csv,0.019845008850097656,0.019314050674438477,0.019144773483276367
file_field_delimiter_0x3B.csv,0.019934415817260742,0.021265268325805664,0.014467477798461914
row_extra_quote8_col1.csv,0.014338016510009766,0.03041243553161621,0.022679805755615234
row_field_delimiter_19_0x20.csv,0.02174830436706543,0.021146535873413086,0.020642518997192383
row_less_sep_row69_col3.csv,0.021811723709106445,0.021834611892700195,0.02158522605895996
row_extra_quote32_col0.csv,0.013211250305175781,0.017240285873413086,0.017355680465698242
row_more_sep_row48_col2.csv,0.02103400230407715,0.019426584243774414,0.01909947395324707
row_more_sep_row58_col1.csv,0.019916296005249023,0.01949930191040039,0.020092010498046875
row_less_sep_row63_col6.csv,0.02064204216003418,0.016446828842163086,0.0235595703125
row_more_sep_row63_col7.csv,0.019811153411865234,0.019268512725830078,0.019725322723388672
row_less_sep_row52_col1.csv,0.0216524600982666,0.022118568420410156,0.021883726119995117
row_less_sep_row22_col4.csv,0.02126622200012207,0.021353483200073242,0.0210726261138916
row_more_sep_row46_col3.csv,0.019832134246826172,0.019492626190185547,0.019350051879882812
row_extra_quote66_col7.csv,0.01726555824279785,0.012834310531616211,0.017041683197021484
row_more_sep_row64_col8.csv,0.01994919776916504,0.02021503448486328,0.020883560180664062
row_extra_quote27_col1.csv,0.017970800399780273,0.029136180877685547,0.026109695434570312
file_record_delimiter_0xD.csv,0.02598881721496582,0.020126819610595703,0.01711416244506836
row_more_sep_row70_col1.csv,0.020564794540405273,0.019234657287597656,0.019186735153198242
row_more_sep_row17_col6.csv,0.019431114196777344,0.019248247146606445,0.019299030303955078
row_less_sep_row25_col7.csv,0.02061009407043457,0.021184921264648438,0.021076679229736328
row_less_sep_row46_col8.csv,0.02054309844970703,0.02030658721923828,0.0215451717376709
row_extra_quote54_col1.csv,0.01714468002319336,0.017104625701904297,0.019698381423950195
row_more_sep_row32_col8.csv,0.03794097900390625,0.03818249702453613,0.03419661521911621
row_more_sep_row46_col0.csv,0.020476818084716797,0.020742416381835938,0.01927804946899414
row_more_sep_row40_col3.csv,0.019506216049194336,0.019185304641723633,0.019800186157226562
row_extra_quote77_col7.csv,0.016669273376464844,0.016583919525146484,0.013217687606811523
row_extra_quote40_col6.csv,0.01642608642578125,0.0170290470123291,0.017134904861450195
row_less_sep_row59_col1.csv,0.02192378044128418,0.03295540809631348,0.023944377899169922
row_less_sep_row60_col3.csv,0.022833824157714844,0.021301746368408203,0.027887821197509766
row_more_sep_row29_col5.csv,0.022812843322753906,0.021475553512573242,0.01999640464782715
row_extra_quote56_col7.csv,0.01886153221130371,0.018852949142456055,0.022259950637817383
row_less_sep_row35_col2.csv,0.04156208038330078,0.049138784408569336,0.02129673957824707
row_extra_quote60_col6.csv,0.016571998596191406,0.012296438217163086,0.013475418090820312
row_more_sep_row0_col8.csv,0.016579151153564453,0.018082857131958008,0.016996145248413086
row_more_sep_row61_col4.csv,0.01927471160888672,0.02295398712158203,0.02792811393737793
row_more_sep_row60_col5.csv,0.02412700653076172,0.023911476135253906,0.027934789657592773
row_less_sep_row38_col5.csv,0.03735923767089844,0.047173500061035156,0.036673545837402344
row_extra_quote6_col0.csv,0.02237415313720703,0.02657604217529297,0.027063608169555664
row_extra_quote15_col2.csv,0.017660140991210938,0.021757125854492188,0.01781487464904785
row_more_sep_row14_col7.csv,0.01943349838256836,0.02418375015258789,0.019808292388916016
row_field_delimiter_63_0x20.csv,0.020108699798583984,0.023727893829345703,0.025022029876708984
row_less_sep_row81_col6.csv,0.01993250846862793,0.02388596534729004,0.027209043502807617
row_extra_quote68_col3.csv,0.021515846252441406,0.02110767364501953,0.017390012741088867
row_less_sep_row12_col7.csv,0.025587797164916992,0.025878429412841797,0.0258791446685791
row_more_sep_row10_col3.csv,0.028222084045410156,0.03742861747741699,0.06409049034118652
row_extra_quote9_col4.csv,0.03194308280944824,0.025907516479492188,0.012922525405883789
row_more_sep_row77_col5.csv,0.014993906021118164,0.015370368957519531,0.015674829483032227
row_extra_quote35_col1.csv,0.015444755554199219,0.013646364212036133,0.013492584228515625
row_less_sep_row51_col4.csv,0.01907062530517578,0.017098188400268555,0.017971515655517578
row_extra_quote37_col3.csv,0.012935876846313477,0.012882709503173828,0.012599945068359375
row_more_sep_row12_col4.csv,0.01650214195251465,0.014690876007080078,0.014546871185302734
row_extra_quote14_col2.csv,0.013819694519042969,0.013205528259277344,0.012962818145751953
row_more_sep_row29_col7.csv,0.015185832977294922,0.015230655670166016,0.01528310775756836
row_more_sep_row15_col3.csv,0.015484809875488281,0.014833927154541016,0.01815652847290039
row_extra_quote56_col1.csv,0.013714313507080078,0.012405157089233398,0.012541532516479492
row_extra_quote21_col8.csv,0.013251304626464844,0.01307368278503418,0.02586078643798828
row_more_sep_row53_col0.csv,0.015189647674560547,0.015014410018920898,0.014741659164428711
row_extra_quote18_col2.csv,0.013588666915893555,0.01367330551147461,0.013062715530395508
row_extra_quote79_col3.csv,0.012423515319824219,0.012202978134155273,0.012187480926513672
row_less_sep_row21_col4.csv,0.028164148330688477,0.031100749969482422,0.023954391479492188
row_extra_quote29_col6.csv,0.02168440818786621,0.020303010940551758,0.014531612396240234
row_extra_quote59_col0.csv,0.01286768913269043,0.013238906860351562,0.012776374816894531
row_less_sep_row12_col5.csv,0.017225027084350586,0.01732182502746582,0.02194356918334961
row_more_sep_row59_col5.csv,0.029139995574951172,0.016251564025878906,0.015070676803588867
row_more_sep_row61_col8.csv,0.015067100524902344,0.015053272247314453,0.015792131423950195
row_extra_quote56_col5.csv,0.014866828918457031,0.014389991760253906,0.012267827987670898
row_extra_quote81_col0.csv,0.012083768844604492,0.012425899505615234,0.012044429779052734
row_extra_quote19_col0.csv,0.012891769409179688,0.012928009033203125,0.01292872428894043
row_more_sep_row56_col5.csv,0.01471400260925293,0.015015363693237305,0.015017986297607422
row_extra_quote37_col7.csv,0.013157367706298828,0.013058185577392578,0.01267552375793457
row_less_sep_row29_col6.csv,0.014844179153442383,0.015446662902832031,0.01501774787902832
row_extra_quote61_col7.csv,0.012615442276000977,0.01219797134399414,0.012098073959350586
row_extra_quote40_col2.csv,0.013010978698730469,0.012695550918579102,0.01278066635131836
row_more_sep_row10_col7.csv,0.014811038970947266,0.01511240005493164,0.015059471130371094
row_more_sep_row74_col1.csv,0.014812469482421875,0.015233755111694336,0.014805316925048828
row_less_sep_row39_col8.csv,0.016551733016967773,0.01633739471435547,0.0162961483001709
row_less_sep_row1_col8.csv,0.016991376876831055,0.017192602157592773,0.01705026626586914
row_more_sep_row10_col4.csv,0.015185832977294922,0.016636133193969727,0.030028104782104492
row_more_sep_row58_col8.csv,0.03604865074157715,0.020874500274658203,0.01537632942199707
row_more_sep_row76_col5.csv,0.015468120574951172,0.015197515487670898,0.015466928482055664
row_less_sep_row55_col3.csv,0.01751995086669922,0.01627659797668457,0.022259235382080078
row_more_sep_row12_col8.csv,0.01795029640197754,0.014613151550292969,0.01668405532836914
row_less_sep_row69_col6.csv,0.017210721969604492,0.016933202743530273,0.0169217586517334
row_extra_quote46_col7.csv,0.01288294792175293,0.023638010025024414,0.024888992309570312
row_less_sep_row28_col7.csv,0.03293466567993164,0.025988340377807617,0.016591310501098633
row_more_sep_row38_col8.csv,0.015538930892944336,0.014894723892211914,0.014713048934936523
row_less_sep_row15_col6.csv,0.01987004280090332,0.018835783004760742,0.019526958465576172
row_extra_quote27_col2.csv,0.013350248336791992,0.012824058532714844,0.013325929641723633
row_less_sep_row83_col8.csv,0.016627073287963867,0.01633143424987793,0.0169980525970459
row_extra_quote32_col8.csv,0.012914419174194336,0.012978792190551758,0.01268911361694336
row_less_sep_row54_col3.csv,0.016834259033203125,0.0163576602935791,0.0162503719329834
row_more_sep_row41_col5.csv,0.01518702507019043,0.014615297317504883,0.015544652938842773
row_more_sep_row51_col7.csv,0.014982938766479492,0.015364885330200195,0.015174150466918945
row_less_sep_row83_col7.csv,0.016407251358032227,0.016614913940429688,0.02078843116760254
row_extra_quote75_col6.csv,0.01677560806274414,0.013775825500488281,0.023737430572509766
row_less_sep_row50_col1.csv,0.041112661361694336,0.019851207733154297,0.01778721809387207
row_extra_quote49_col2.csv,0.013727426528930664,0.013319730758666992,0.013512849807739258
row_extra_quote78_col6.csv,0.0123138427734375,0.012077569961547852,0.011953115463256836
row_less_sep_row22_col1.csv,0.01655888557434082,0.017975568771362305,0.016776084899902344
row_extra_quote29_col1.csv,0.012955188751220703,0.018362998962402344,0.012998342514038086
row_less_sep_row78_col1.csv,0.01863861083984375,0.017899751663208008,0.016937971115112305
row_less_sep_row54_col5.csv,0.020201683044433594,0.019724369049072266,0.019593477249145508
row_less_sep_row81_col8.csv,0.017326831817626953,0.01633310317993164,0.016052722930908203
row_more_sep_row61_col2.csv,0.015329122543334961,0.016863346099853516,0.016570091247558594
row_extra_quote46_col6.csv,0.013265132904052734,0.013132572174072266,0.012934207916259766
row_less_sep_row68_col3.csv,0.016881704330444336,0.01653766632080078,0.016415119171142578
row_less_sep_row71_col1.csv,0.016677141189575195,0.016408205032348633,0.016648530960083008
row_less_sep_row79_col6.csv,0.01466679573059082,0.015211820602416992,0.014766216278076172
row_less_sep_row53_col3.csv,0.01705622673034668,0.017011165618896484,0.01670241355895996
row_extra_quote21_col7.csv,0.013295888900756836,0.013150930404663086,0.01282954216003418
row_more_sep_row20_col1.csv,0.015256404876708984,0.015544891357421875,0.015297889709472656
row_extra_quote47_col2.csv,0.014063835144042969,0.01378774642944336,0.01540517807006836
row_more_sep_row16_col2.csv,0.016333580017089844,0.014894962310791016,0.014853239059448242
row_less_sep_row81_col2.csv,0.016196012496948242,0.016481637954711914,0.016329526901245117
row_extra_quote15_col8.csv,0.013109445571899414,0.012813568115234375,0.01303243637084961
row_more_sep_row78_col2.csv,0.015063047409057617,0.014741182327270508,0.015343904495239258
row_less_sep_row82_col7.csv,0.016493558883666992,0.017369747161865234,0.01658463478088379
row_more_sep_row1_col1.csv,0.015080451965332031,0.01456141471862793,0.015312910079956055
row_more_sep_row50_col6.csv,0.014870882034301758,0.014781475067138672,0.014902830123901367
row_extra_quote70_col8.csv,0.012939691543579102,0.012378454208374023,0.012603044509887695
row_less_sep_row79_col2.csv,0.016852617263793945,0.01700735092163086,0.018946409225463867
row_extra_quote55_col0.csv,0.019444942474365234,0.013998270034790039,0.014227867126464844
row_more_sep_row26_col0.csv,0.01573467254638672,0.014819622039794922,0.014847278594970703
row_less_sep_row42_col6.csv,0.016521215438842773,0.01636219024658203,0.016336917877197266
row_less_sep_row45_col1.csv,0.016912460327148438,0.016813278198242188,0.0168612003326416
row_more_sep_row82_col6.csv,0.015708208084106445,0.014991044998168945,0.015122175216674805
row_less_sep_row47_col2.csv,0.016786813735961914,0.016444921493530273,0.01744675636291504
row_less_sep_row76_col8.csv,0.016822338104248047,0.01648998260498047,0.017174959182739258
row_field_delimiter_50_0x20.csv,0.015032291412353516,0.015247821807861328,0.015596866607666016
row_extra_quote38_col8.csv,0.013068437576293945,0.012452125549316406,0.012511730194091797
row_less_sep_row32_col3.csv,0.015803098678588867,0.016147136688232422,0.016160964965820312
row_more_sep_row56_col6.csv,0.015416145324707031,0.015488147735595703,0.015299081802368164
row_less_sep_row44_col3.csv,0.017729520797729492,0.01715397834777832,0.017414093017578125
row_less_sep_row34_col2.csv,0.01694631576538086,0.01640033721923828,0.016813278198242188
row_less_sep_row25_col4.csv,0.019352436065673828,0.0174710750579834,0.017015695571899414
row_more_sep_row67_col6.csv,0.015244007110595703,0.014678239822387695,0.01619577407836914
row_more_sep_row6_col5.csv,0.015140295028686523,0.014988899230957031,0.016100406646728516
row_more_sep_row8_col3.csv,0.015304803848266602,0.0157928466796875,0.016169309616088867
row_more_sep_row3_col0.csv,0.016288280487060547,0.014738082885742188,0.01654815673828125
row_extra_quote40_col5.csv,0.013847112655639648,0.012864828109741211,0.014045238494873047
row_extra_quote16_col0.csv,0.013728141784667969,0.01304483413696289,0.013856649398803711
row_more_sep_row48_col3.csv,0.015185356140136719,0.01625227928161621,0.016800642013549805
row_extra_quote83_col8.csv,0.013416528701782227,0.011860370635986328,0.01262974739074707
row_less_sep_row5_col6.csv,0.022368431091308594,0.018604755401611328,0.016544342041015625
row_extra_quote63_col2.csv,0.01260685920715332,0.02103567123413086,0.0222628116607666
row_more_sep_row77_col3.csv,0.027442216873168945,0.015014410018920898,0.01518392562866211
row_field_delimiter_3_0x20.csv,0.015760183334350586,0.015229940414428711,0.016280174255371094
row_more_sep_row23_col5.csv,0.015280485153198242,0.01525568962097168,0.015008926391601562
row_more_sep_row44_col0.csv,0.015935182571411133,0.016287565231323242,0.01563715934753418
row_more_sep_row60_col7.csv,0.017556428909301758,0.01657271385192871,0.015894651412963867
row_more_sep_row31_col7.csv,0.015547752380371094,0.015408754348754883,0.016086339950561523
row_more_sep_row4_col5.csv,0.01641249656677246,0.014964580535888672,0.015619039535522461
row_more_sep_row73_col3.csv,0.015400886535644531,0.015949726104736328,0.015363693237304688
row_more_sep_row72_col2.csv,0.015655994415283203,0.015996456146240234,0.015127897262573242
row_less_sep_row44_col2.csv,0.01783895492553711,0.018762588500976562,0.017757177352905273
row_more_sep_row13_col1.csv,0.016984224319458008,0.0158846378326416,0.015569686889648438
row_more_sep_row27_col7.csv,0.017042875289916992,0.015056610107421875,0.015520095825195312
row_extra_quote5_col3.csv,0.01351475715637207,0.013134002685546875,0.013433694839477539
row_extra_quote34_col3.csv,0.014122247695922852,0.012800931930541992,0.013063192367553711
row_less_sep_row35_col7.csv,0.018308401107788086,0.017092227935791016,0.016743183135986328
row_more_sep_row58_col3.csv,0.015473604202270508,0.01571798324584961,0.015398979187011719
row_less_sep_row59_col5.csv,0.01778435707092285,0.01878952980041504,0.017439603805541992
row_less_sep_row49_col4.csv,0.016565799713134766,0.017549514770507812,0.017220735549926758
row_less_sep_row38_col6.csv,0.016989707946777344,0.016696691513061523,0.025272846221923828
row_extra_quote15_col1.csv,0.026187896728515625,0.02599620819091797,0.01995086669921875
row_extra_quote54_col8.csv,0.013032913208007812,0.012988567352294922,0.013054609298706055
row_less_sep_row55_col7.csv,0.016993045806884766,0.01641559600830078,0.018228769302368164
row_extra_quote30_col2.csv,0.013764619827270508,0.013015985488891602,0.013112545013427734
row_less_sep_row15_col4.csv,0.01751399040222168,0.01920175552368164,0.01674509048461914
row_extra_quote35_col3.csv,0.01301884651184082,0.013222455978393555,0.012814044952392578
row_less_sep_row80_col4.csv,0.01630234718322754,0.01690053939819336,0.016029834747314453
row_less_sep_row9_col8.csv,0.016903162002563477,0.01725459098815918,0.023947715759277344
row_extra_quote71_col6.csv,0.013345479965209961,0.012607097625732422,0.01465916633605957
row_more_sep_row3_col1.csv,0.016623735427856445,0.015108823776245117,0.01550436019897461
row_less_sep_row17_col7.csv,0.016963958740234375,0.019489049911499023,0.016826629638671875
row_more_sep_row29_col3.csv,0.01985764503479004,0.01662278175354004,0.01634359359741211
row_less_sep_row49_col1.csv,0.01719212532043457,0.01768040657043457,0.01867961883544922
row_extra_quote62_col1.csv,0.012495994567871094,0.012243270874023438,0.013837337493896484
row_extra_quote77_col6.csv,0.012891292572021484,0.012981891632080078,0.013459444046020508
row_extra_quote25_col1.csv,0.014196157455444336,0.014484643936157227,0.013938665390014648
row_more_sep_row79_col8.csv,0.017882585525512695,0.01567816734313965,0.018408536911010742
row_less_sep_row55_col1.csv,0.020583629608154297,0.020127296447753906,0.018216609954833984
row_more_sep_row23_col6.csv,0.016069889068603516,0.015105962753295898,0.015729188919067383
row_more_sep_row48_col1.csv,0.01608109474182129,0.015532732009887695,0.015287637710571289
row_less_sep_row18_col1.csv,0.017729759216308594,0.017124176025390625,0.017564058303833008
row_more_sep_row8_col8.csv,0.019135236740112305,0.015287160873413086,0.02041769027709961
row_more_sep_row53_col8.csv,0.015520572662353516,0.016088008880615234,0.016186952590942383
row_less_sep_row26_col3.csv,0.01642131805419922,0.01685023307800293,0.017776012420654297
row_less_sep_row2_col5.csv,0.018184661865234375,0.018252134323120117,0.018096208572387695
row_more_sep_row11_col5.csv,0.016301631927490234,0.01582050323486328,0.017206668853759766
row_less_sep_row52_col4.csv,0.018512487411499023,0.018136978149414062,0.017719268798828125
row_more_sep_row64_col3.csv,0.016019105911254883,0.015058040618896484,0.015081405639648438
row_more_sep_row10_col2.csv,0.0162811279296875,0.0162045955657959,0.015261411666870117
row_less_sep_row1_col2.csv,0.01935577392578125,0.017919301986694336,0.018178462982177734
row_extra_quote58_col3.csv,0.013580322265625,0.014378786087036133,0.013253927230834961
row_more_sep_row7_col7.csv,0.01790642738342285,0.015674114227294922,0.016359567642211914
row_more_sep_row21_col6.csv,0.01625370979309082,0.015700578689575195,0.015598773956298828
row_field_delimiter_16_0x20.csv,0.01602458953857422,0.015797853469848633,0.01602315902709961
row_more_sep_row75_col1.csv,0.015712261199951172,0.015767812728881836,0.017030000686645508
row_less_sep_row69_col7.csv,0.019277334213256836,0.0341341495513916,0.03164172172546387
row_extra_quote47_col8.csv,0.023311376571655273,0.025146961212158203,0.01524209976196289
row_extra_quote17_col2.csv,0.013934612274169922,0.0139312744140625,0.031141996383666992
row_extra_quote81_col3.csv,0.023312807083129883,0.01247859001159668,0.013393163681030273
row_extra_quote58_col1.csv,0.01292109489440918,0.01239466667175293,0.012281179428100586
row_extra_quote41_col2.csv,0.022400856018066406,0.020851612091064453,0.01299285888671875
row_more_sep_row67_col3.csv,0.014940023422241211,0.014935731887817383,0.015271902084350586
row_less_sep_row35_col3.csv,0.017217397689819336,0.019268274307250977,0.017457246780395508
row_less_sep_row15_col3.csv,0.01721811294555664,0.017253398895263672,0.03228044509887695
row_extra_quote3_col4.csv,0.02474045753479004,0.013067483901977539,0.014012813568115234
row_extra_quote59_col2.csv,0.012609243392944336,0.012660741806030273,0.0134124755859375
row_extra_quote49_col0.csv,0.012926578521728516,0.012504339218139648,0.022943735122680664
row_extra_quote42_col5.csv,0.020006418228149414,0.012665510177612305,0.012458086013793945
row_extra_quote36_col7.csv,0.012515068054199219,0.012277364730834961,0.012741804122924805
row_extra_quote79_col8.csv,0.01219034194946289,0.012053966522216797,0.012005329132080078
row_less_sep_row29_col7.csv,0.016641616821289062,0.01636195182800293,0.016602516174316406
row_more_sep_row5_col7.csv,0.014899015426635742,0.014639854431152344,0.014641284942626953
row_more_sep_row33_col0.csv,0.014792680740356445,0.014356851577758789,0.014972209930419922
row_extra_quote72_col2.csv,0.015655517578125,0.012261390686035156,0.012369394302368164
row_more_sep_row0_col6.csv,0.011973381042480469,0.012105941772460938,0.011660575866699219
row_more_sep_row14_col6.csv,0.014713764190673828,0.014580965042114258,0.015587091445922852
row_less_sep_row63_col7.csv,0.018357038497924805,0.01639866828918457,0.01632523536682129
row_less_sep_row31_col3.csv,0.016358137130737305,0.017467498779296875,0.01895284652709961
row_less_sep_row46_col7.csv,0.016816377639770508,0.016303300857543945,0.016376495361328125
row_extra_quote61_col2.csv,0.012662649154663086,0.012278079986572266,0.012629508972167969
row_extra_quote6_col1.csv,0.013252735137939453,0.01279449462890625,0.012993335723876953
row_extra_quote55_col6.csv,0.012363433837890625,0.013095378875732422,0.012416362762451172
row_less_sep_row25_col3.csv,0.016622304916381836,0.017492055892944336,0.017416715621948242
row_more_sep_row30_col5.csv,0.01743030548095703,0.015115022659301758,0.015346527099609375
row_extra_quote49_col8.csv,0.012615680694580078,0.012284517288208008,0.01239776611328125
row_extra_quote42_col7.csv,0.012612581253051758,0.012372970581054688,0.012489795684814453
row_less_sep_row55_col6.csv,0.016547679901123047,0.01595163345336914,0.015920162200927734
row_extra_quote7_col8.csv,0.012995004653930664,0.013091325759887695,0.012989521026611328
row_extra_quote42_col8.csv,0.012837409973144531,0.012760639190673828,0.012428522109985352
row_extra_quote56_col8.csv,0.013201236724853516,0.012746810913085938,0.012534618377685547
row_extra_quote62_col8.csv,0.012646675109863281,0.012372970581054688,0.012397289276123047
row_less_sep_row63_col1.csv,0.016307592391967773,0.016046524047851562,0.01614856719970703
row_more_sep_row15_col7.csv,0.015001773834228516,0.014679431915283203,0.014659643173217773
row_less_sep_row35_col8.csv,0.016256093978881836,0.016218185424804688,0.016715288162231445
row_more_sep_row15_col1.csv,0.015406370162963867,0.014996051788330078,0.01465153694152832
row_less_sep_row34_col3.csv,0.01650381088256836,0.01630377769470215,0.015991687774658203
file_double_trailing_newline.csv,0.012165307998657227,0.011795282363891602,0.011636734008789062
row_less_sep_row50_col3.csv,0.016574382781982422,0.0168912410736084,0.016799211502075195
row_more_sep_row18_col6.csv,0.01511836051940918,0.015155553817749023,0.015136241912841797
row_less_sep_row14_col7.csv,0.016832351684570312,0.01596832275390625,0.016731977462768555
row_less_sep_row3_col6.csv,0.016147851943969727,0.016005277633666992,0.015919208526611328
row_more_sep_row76_col8.csv,0.015114545822143555,0.014272451400756836,0.014655351638793945
row_less_sep_row41_col4.csv,0.01642465591430664,0.01627039909362793,0.0170896053314209
row_less_sep_row63_col2.csv,0.01735234260559082,0.016019344329833984,0.017838478088378906
row_field_delimiter_14_0x20.csv,0.01616954803466797,0.017707347869873047,0.017307519912719727
row_more_sep_row48_col8.csv,0.015794754028320312,0.014781713485717773,0.015452384948730469
row_more_sep_row75_col2.csv,0.015703678131103516,0.014823198318481445,0.016427993774414062
row_extra_quote32_col1.csv,0.01477503776550293,0.01270437240600586,0.012767553329467773
row_extra_quote48_col8.csv,0.01370549201965332,0.012402057647705078,0.012615680694580078
row_extra_quote70_col0.csv,0.013140439987182617,0.012424468994140625,0.012358427047729492
row_more_sep_row46_col2.csv,0.01513361930847168,0.020220279693603516,0.02983570098876953
row_extra_quote44_col7.csv,0.0245208740234375,0.02501225471496582,0.02292490005493164
row_field_delimiter_45_0x20.csv,0.015438556671142578,0.015273332595825195,0.015620946884155273
row_more_sep_row9_col2.csv,0.015252113342285156,0.014802694320678711,0.015190839767456055
row_extra_quote31_col1.csv,0.01341390609741211,0.012999296188354492,0.01274418830871582
row_more_sep_row9_col4.csv,0.015448331832885742,0.01526951789855957,0.023580074310302734
row_more_sep_row53_col4.csv,0.02364182472229004,0.025187253952026367,0.023993253707885742
row_less_sep_row58_col7.csv,0.025203943252563477,0.02470850944519043,0.02154088020324707
row_extra_quote27_col6.csv,0.013402938842773438,0.013422489166259766,0.012784481048583984
row_extra_quote9_col3.csv,0.014718770980834961,0.013254880905151367,0.013147592544555664
row_extra_quote50_col0.csv,0.013311147689819336,0.012843847274780273,0.012959957122802734
row_more_sep_row28_col2.csv,0.015218019485473633,0.014877796173095703,0.014854907989501953
row_more_sep_row80_col8.csv,0.015192031860351562,0.01537322998046875,0.015005350112915039
row_extra_quote39_col8.csv,0.013076543807983398,0.012546062469482422,0.012932777404785156
row_field_delimiter_40_0x20.csv,0.01505732536315918,0.015024185180664062,0.01569676399230957
row_extra_quote45_col3.csv,0.013747692108154297,0.012586355209350586,0.014289379119873047
row_less_sep_row56_col6.csv,0.018585681915283203,0.047721147537231445,0.046330928802490234
row_less_sep_row47_col5.csv,0.027656078338623047,0.02607583999633789,0.02147364616394043
row_extra_quote74_col7.csv,0.0218505859375,0.02057671546936035,0.01820683479309082
row_extra_quote22_col4.csv,0.021582365036010742,0.021801471710205078,0.0325469970703125
row_extra_quote29_col3.csv,0.03543400764465332,0.04032778739929199,0.02169346809387207
row_more_sep_row51_col5.csv,0.02348494529724121,0.019284963607788086,0.016054868698120117
row_more_sep_row62_col6.csv,0.015011787414550781,0.014902830123901367,0.021523714065551758
row_less_sep_row77_col8.csv,0.017669200897216797,0.01649308204650879,0.016666650772094727
row_less_sep_row42_col5.csv,0.014868736267089844,0.014716148376464844,0.015052080154418945
row_more_sep_row0_col3.csv,0.012711048126220703,0.0120086669921875,0.0123138427734375
row_more_sep_row38_col6.csv,0.015181303024291992,0.014907121658325195,0.015985488891601562
row_extra_quote67_col2.csv,0.01303863525390625,0.012451887130737305,0.012160301208496094
row_more_sep_row67_col4.csv,0.015036821365356445,0.01630711555480957,0.015017032623291016
row_more_sep_row34_col8.csv,0.014946460723876953,0.01566910743713379,0.01495361328125
row_extra_quote67_col3.csv,0.025176525115966797,0.017345905303955078,0.021677255630493164
row_extra_quote68_col5.csv,0.01718425750732422,0.021707773208618164,0.021617650985717773
row_extra_quote78_col5.csv,0.021654605865478516,0.016825437545776367,0.02111077308654785
file_multitable_same.csv,0.03541874885559082,0.03412961959838867,0.0350649356842041
row_less_sep_row34_col4.csv,0.02869391441345215,0.025248289108276367,0.025325536727905273
row_more_sep_row64_col6.csv,0.02384638786315918,0.02369070053100586,0.0237123966217041
row_less_sep_row34_col5.csv,0.02430248260498047,0.01959538459777832,0.0235748291015625
row_more_sep_row9_col7.csv,0.023920536041259766,0.023827314376831055,0.023883819580078125
row_more_sep_row23_col7.csv,0.023736238479614258,0.023690223693847656,0.03650665283203125
row_more_sep_row63_col3.csv,0.024323225021362305,0.014997720718383789,0.015450716018676758
row_less_sep_row14_col3.csv,0.01640605926513672,0.017453432083129883,0.0170440673828125
row_less_sep_row61_col2.csv,0.016939401626586914,0.017133712768554688,0.016987323760986328
row_more_sep_row78_col3.csv,0.015147209167480469,0.015474557876586914,0.015135526657104492
row_field_delimiter_48_0x20.csv,0.015275001525878906,0.015330076217651367,0.01562047004699707
row_extra_quote31_col6.csv,0.012972354888916016,0.012918949127197266,0.01285099983215332
row_less_sep_row7_col8.csv,0.018962383270263672,0.017512083053588867,0.016860246658325195
row_less_sep_row44_col7.csv,0.01760721206665039,0.017414569854736328,0.017342805862426758
row_extra_quote12_col6.csv,0.01378774642944336,0.013228416442871094,0.015001535415649414
row_extra_quote29_col8.csv,0.013122081756591797,0.012930631637573242,0.01811385154724121
row_less_sep_row8_col4.csv,0.0171051025390625,0.016904115676879883,0.016463279724121094
row_more_sep_row68_col8.csv,0.015395641326904297,0.016475915908813477,0.019134998321533203
row_extra_quote9_col2.csv,0.01791667938232422,0.01316523551940918,0.021294832229614258
row_less_sep_row46_col6.csv,0.02591395378112793,0.016719818115234375,0.016695499420166016
row_field_delimiter_8_0x20.csv,0.01558232307434082,0.015099048614501953,0.015648841857910156
row_less_sep_row77_col7.csv,0.021669626235961914,0.021237850189208984,0.02102971076965332
row_more_sep_row4_col2.csv,0.019234895706176758,0.014984369277954102,0.01579880714416504
row_less_sep_row51_col5.csv,0.01688861846923828,0.01681375503540039,0.016695261001586914
row_extra_quote57_col1.csv,0.013099908828735352,0.01322031021118164,0.014000654220581055
row_extra_quote13_col4.csv,0.02081751823425293,0.015610218048095703,0.03616046905517578
row_less_sep_row44_col5.csv,0.027531862258911133,0.027835369110107422,0.044826507568359375
row_extra_quote66_col5.csv,0.04334688186645508,0.03759407997131348,0.03386998176574707
row_extra_quote56_col6.csv,0.02170276641845703,0.018298864364624023,0.01399993896484375
row_more_sep_row78_col8.csv,0.01598215103149414,0.015198945999145508,0.015299081802368164
row_extra_quote33_col3.csv,0.013228416442871094,0.012888669967651367,0.01275777816772461
row_extra_quote41_col8.csv,0.012623310089111328,0.012984514236450195,0.013113021850585938
row_extra_quote59_col1.csv,0.013157367706298828,0.012654781341552734,0.013115167617797852
row_field_delimiter_53_0x20.csv,0.015697240829467773,0.017114639282226562,0.01963186264038086
row_less_sep_row82_col3.csv,0.025861024856567383,0.03512120246887207,0.018319129943847656
row_extra_quote73_col1.csv,0.012532234191894531,0.013265848159790039,0.012604951858520508
row_more_sep_row36_col3.csv,0.015066146850585938,0.016277790069580078,0.015706777572631836
row_more_sep_row82_col8.csv,0.01598811149597168,0.01628255844116211,0.01660776138305664
row_more_sep_row16_col6.csv,0.016583919525146484,0.01600813865661621,0.018477678298950195
row_more_sep_row34_col0.csv,0.01669597625732422,0.016216278076171875,0.0272676944732666
row_extra_quote61_col6.csv,0.0187075138092041,0.021094322204589844,0.02278733253479004
row_field_delimiter_77_0x20.csv,0.031070947647094727,0.017087221145629883,0.015283346176147461
row_less_sep_row30_col8.csv,0.016841411590576172,0.016518115997314453,0.017694711685180664
row_extra_quote72_col1.csv,0.013873815536499023,0.013443946838378906,0.012193918228149414
row_less_sep_row38_col3.csv,0.016492128372192383,0.01631784439086914,0.017871856689453125
row_less_sep_row71_col8.csv,0.026299715042114258,0.024669885635375977,0.016796588897705078
row_less_sep_row16_col1.csv,0.0173642635345459,0.01779031753540039,0.034627676010131836
row_less_sep_row61_col5.csv,0.0341038703918457,0.03342461585998535,0.03241252899169922
row_extra_quote22_col3.csv,0.014107465744018555,0.013785123825073242,0.012882471084594727
row_extra_quote12_col7.csv,0.013033866882324219,0.017580032348632812,0.021585702896118164
row_less_sep_row1_col1.csv,0.030987262725830078,0.035481929779052734,0.0329132080078125
row_less_sep_row70_col3.csv,0.039853811264038086,0.021556854248046875,0.02931952476501465
row_more_sep_row59_col2.csv,0.019936800003051758,0.02395486831665039,0.02389693260192871
row_less_sep_row40_col7.csv,0.025080442428588867,0.02551126480102539,0.02942681312561035
row_less_sep_row72_col6.csv,0.030342578887939453,0.025676727294921875,0.025398969650268555
row_extra_quote49_col3.csv,0.021707773208618164,0.025941133499145508,0.021588563919067383
row_extra_quote35_col8.csv,0.018371105194091797,0.014050006866455078,0.012812137603759766
row_more_sep_row70_col0.csv,0.015308141708374023,0.015749216079711914,0.015259981155395508
row_extra_quote26_col7.csv,0.013555765151977539,0.013355255126953125,0.013759374618530273
row_less_sep_row36_col8.csv,0.018158435821533203,0.01790928840637207,0.01793074607849121
row_less_sep_row28_col8.csv,0.01687169075012207,0.018046855926513672,0.01733255386352539
row_less_sep_row26_col7.csv,0.020702123641967773,0.034909725189208984,0.03515052795410156
row_less_sep_row78_col7.csv,0.03338456153869629,0.01661849021911621,0.01747584342956543
row_less_sep_row71_col4.csv,0.01697063446044922,0.017441511154174805,0.016832828521728516
row_field_delimiter_80_0x20.csv,0.016138792037963867,0.015909433364868164,0.015143871307373047
row_extra_quote66_col3.csv,0.013588428497314453,0.012996912002563477,0.016793251037597656
row_extra_quote43_col6.csv,0.01801896095275879,0.022068023681640625,0.0221097469329834
row_less_sep_row56_col4.csv,0.02546381950378418,0.02583479881286621,0.03003382682800293
row_more_sep_row26_col1.csv,0.024779081344604492,0.01571822166442871,0.01502370834350586
row_less_sep_row75_col7.csv,0.01769566535949707,0.017702102661132812,0.017477750778198242
row_extra_quote23_col0.csv,0.013919591903686523,0.012874603271484375,0.012987136840820312
row_less_sep_row57_col6.csv,0.0171968936920166,0.016481876373291016,0.018195629119873047
row_extra_quote34_col7.csv,0.01676630973815918,0.014341354370117188,0.012707710266113281
row_more_sep_row63_col8.csv,0.015392303466796875,0.023672819137573242,0.0236203670501709
row_less_sep_row61_col8.csv,0.025926589965820312,0.03138327598571777,0.02596759796142578
row_more_sep_row24_col5.csv,0.01979684829711914,0.02349567413330078,0.018892526626586914
row_extra_quote2_col6.csv,0.018462657928466797,0.01735973358154297,0.013204336166381836
row_extra_quote47_col4.csv,0.013023614883422852,0.012363672256469727,0.012729883193969727
row_more_sep_row19_col8.csv,0.016008615493774414,0.015354633331298828,0.015116214752197266
row_less_sep_row10_col7.csv,0.016524553298950195,0.025416851043701172,0.020999670028686523
row_extra_quote0_col1.csv,0.017694950103759766,0.013262033462524414,0.012988567352294922
row_more_sep_row62_col3.csv,0.014870643615722656,0.014781475067138672,0.01570439338684082
row_extra_quote67_col8.csv,0.012942075729370117,0.01256871223449707,0.012316703796386719
row_less_sep_row66_col3.csv,0.017470121383666992,0.017189741134643555,0.017591476440429688
row_extra_quote76_col6.csv,0.017119169235229492,0.020612001419067383,0.01687145233154297
row_extra_quote55_col2.csv,0.01772141456604004,0.020958662033081055,0.020920753479003906
row_less_sep_row47_col1.csv,0.021400928497314453,0.016422748565673828,0.016823768615722656
row_extra_quote44_col2.csv,0.012845993041992188,0.012612342834472656,0.014989614486694336
row_more_sep_row55_col8.csv,0.015183210372924805,0.015531063079833984,0.01495218276977539
row_less_sep_row45_col6.csv,0.017153024673461914,0.021198511123657227,0.03272604942321777
row_more_sep_row22_col0.csv,0.024057626724243164,0.023249387741088867,0.019550085067749023
row_more_sep_row65_col1.csv,0.019352197647094727,0.019329547882080078,0.019493579864501953
row_more_sep_row74_col5.csv,0.019675493240356445,0.03135395050048828,0.02483391761779785
row_more_sep_row60_col6.csv,0.02404189109802246,0.023852825164794922,0.023941516876220703
row_extra_quote58_col4.csv,0.021340131759643555,0.021622180938720703,0.0182192325592041
row_extra_quote5_col2.csv,0.017641544342041016,0.022162675857543945,0.02184605598449707
row_less_sep_row36_col5.csv,0.021335124969482422,0.017132997512817383,0.017853975296020508
row_less_sep_row43_col6.csv,0.015198469161987305,0.015112161636352539,0.016749858856201172
row_extra_quote72_col5.csv,0.012715816497802734,0.014073610305786133,0.013218164443969727
row_extra_quote60_col0.csv,0.012838602066040039,0.02455735206604004,0.025687694549560547
row_extra_quote48_col7.csv,0.019089221954345703,0.013901710510253906,0.013299703598022461
row_more_sep_row6_col4.csv,0.016067981719970703,0.018114805221557617,0.01665949821472168
row_less_sep_row82_col8.csv,0.017618894577026367,0.0179290771484375,0.01731395721435547
file_field_delimiter_0x9.csv,0.01317739486694336,0.013065099716186523,0.013606786727905273
row_more_sep_row41_col0.csv,0.01505899429321289,0.015055418014526367,0.015080928802490234
row_extra_quote61_col0.csv,0.013094186782836914,0.013178348541259766,0.012682437896728516
row_less_sep_row19_col3.csv,0.016895532608032227,0.020936250686645508,0.017821550369262695
row_field_delimiter_4_0x20.csv,0.015475749969482422,0.01577925682067871,0.01567220687866211
row_more_sep_row82_col1.csv,0.015302181243896484,0.023885488510131836,0.024695158004760742
row_extra_quote46_col3.csv,0.013324499130249023,0.013374090194702148,0.012905359268188477
row_less_sep_row76_col4.csv,0.016912460327148438,0.03139853477478027,0.04324507713317871
row_less_sep_row12_col4.csv,0.03363633155822754,0.03353118896484375,0.0337982177734375
row_more_sep_row23_col8.csv,0.02758312225341797,0.03007221221923828,0.03197360038757324
row_less_sep_row75_col5.csv,0.03654050827026367,0.03407788276672363,0.0377497673034668
row_less_sep_row80_col3.csv,0.03298354148864746,0.024860143661499023,0.02595353126525879
row_extra_quote63_col8.csv,0.020990371704101562,0.0164797306060791,0.020853519439697266
row_extra_quote34_col2.csv,0.021986007690429688,0.017161130905151367,0.017077207565307617
row_extra_quote16_col4.csv,0.012722253799438477,0.012650251388549805,0.012659549713134766
row_extra_quote48_col6.csv,0.012179136276245117,0.012037992477416992,0.01225900650024414
row_more_sep_row75_col0.csv,0.014988899230957031,0.015109539031982422,0.014883279800415039
row_extra_quote43_col4.csv,0.0126800537109375,0.012328386306762695,0.01270747184753418
row_extra_quote6_col4.csv,0.013167142868041992,0.013374805450439453,0.013105392456054688
row_more_sep_row35_col4.csv,0.015538692474365234,0.01496267318725586,0.014837026596069336
row_more_sep_row44_col1.csv,0.023838043212890625,0.023758888244628906,0.02358841896057129
row_extra_quote70_col1.csv,0.02187347412109375,0.02048802375793457,0.021102428436279297
row_extra_quote46_col0.csv,0.019495010375976562,0.021540403366088867,0.012897491455078125
row_less_sep_row5_col7.csv,0.017745494842529297,0.015981435775756836,0.018489360809326172
row_more_sep_row14_col1.csv,0.015457391738891602,0.014923810958862305,0.014985799789428711
row_more_sep_row26_col2.csv,0.015101194381713867,0.014986753463745117,0.01498103141784668
row_extra_quote83_col3.csv,0.012365102767944336,0.012022972106933594,0.012269735336303711
row_less_sep_row9_col4.csv,0.0165097713470459,0.016455411911010742,0.02051687240600586
row_extra_quote24_col4.csv,0.021793603897094727,0.017694711685180664,0.017419099807739258
row_less_sep_row55_col4.csv,0.020932912826538086,0.025103092193603516,0.029551029205322266
row_less_sep_row66_col4.csv,0.023874998092651367,0.01708078384399414,0.01730179786682129
row_more_sep_row19_col3.csv,0.01510930061340332,0.014743328094482422,0.014922380447387695
row_less_sep_row40_col8.csv,0.016444921493530273,0.016527652740478516,0.016510486602783203
row_extra_quote55_col3.csv,0.012720108032226562,0.01235055923461914,0.012536764144897461
row_less_sep_row22_col2.csv,0.016460657119750977,0.02899003028869629,0.025945663452148438
row_extra_quote64_col4.csv,0.021390199661254883,0.0171053409576416,0.016879796981811523
row_extra_quote65_col4.csv,0.013149738311767578,0.01296091079711914,0.012952089309692383
row_less_sep_row33_col6.csv,0.01670360565185547,0.016531705856323242,0.016698598861694336
row_more_sep_row52_col3.csv,0.015259504318237305,0.014930486679077148,0.024392127990722656
row_more_sep_row9_col5.csv,0.019533872604370117,0.016805171966552734,0.015010595321655273
row_more_sep_row66_col4.csv,0.015121936798095703,0.014769315719604492,0.014871358871459961
row_extra_quote18_col7.csv,0.012964248657226562,0.012754678726196289,0.013033866882324219
row_more_sep_row66_col5.csv,0.014879226684570312,0.014783859252929688,0.014979124069213867
row_extra_quote64_col2.csv,0.012285709381103516,0.012219667434692383,0.01238250732421875
row_extra_quote3_col0.csv,0.013029336929321289,0.013018131256103516,0.013002634048461914
row_extra_quote53_col3.csv,0.01227259635925293,0.021984338760375977,0.02511739730834961
row_less_sep_row40_col6.csv,0.051621437072753906,0.02710103988647461,0.025272846221923828
row_more_sep_row6_col1.csv,0.023833036422729492,0.023917675018310547,0.02375340461730957
row_more_sep_row67_col2.csv,0.02359628677368164,0.02377152442932129,0.019496440887451172
row_less_sep_row8_col6.csv,0.01662755012512207,0.01635909080505371,0.01664137840270996
row_field_delimiter_61_0x20.csv,0.01587080955505371,0.01505279541015625,0.015164613723754883
row_less_sep_row5_col5.csv,0.01859116554260254,0.01962733268737793,0.019002437591552734
row_less_sep_row27_col6.csv,0.015171051025390625,0.023425579071044922,0.029977083206176758
row_more_sep_row41_col4.csv,0.02895045280456543,0.03753924369812012,0.034449100494384766
row_extra_quote17_col8.csv,0.021996259689331055,0.0332486629486084,0.02519059181213379
row_less_sep_row14_col4.csv,0.02628350257873535,0.01660776138305664,0.016789913177490234
row_less_sep_row36_col3.csv,0.01700115203857422,0.01750493049621582,0.01996636390686035
row_more_sep_row40_col1.csv,0.015404701232910156,0.015471458435058594,0.014682531356811523
row_less_sep_row68_col6.csv,0.014766693115234375,0.01501011848449707,0.015923023223876953
row_field_delimiter_64_0x20.csv,0.015366077423095703,0.015247344970703125,0.015435934066772461
row_more_sep_row27_col4.csv,0.015743732452392578,0.01564621925354004,0.015331506729125977
row_less_sep_row23_col4.csv,0.0167233943939209,0.021056413650512695,0.03859281539916992
row_less_sep_row12_col8.csv,0.034371376037597656,0.026088476181030273,0.017252445220947266
row_more_sep_row52_col6.csv,0.015631675720214844,0.016175031661987305,0.01578831672668457
row_more_sep_row59_col8.csv,0.015676021575927734,0.015141010284423828,0.015278100967407227
row_more_sep_row59_col3.csv,0.01652669906616211,0.015330314636230469,0.015608549118041992
row_extra_quote9_col0.csv,0.013696670532226562,0.013252496719360352,0.03779435157775879
row_extra_quote13_col5.csv,0.039374589920043945,0.024260759353637695,0.022391319274902344
row_less_sep_row49_col6.csv,0.025402545928955078,0.03170442581176758,0.02788686752319336
row_less_sep_row64_col8.csv,0.016986846923828125,0.016946077346801758,0.017316579818725586
row_less_sep_row63_col3.csv,0.016528606414794922,0.01738595962524414,0.01711869239807129
row_more_sep_row16_col0.csv,0.01524662971496582,0.016807079315185547,0.017029762268066406
row_less_sep_row68_col5.csv,0.01703619956970215,0.016535282135009766,0.02605128288269043
row_extra_quote73_col2.csv,0.02174091339111328,0.021207809448242188,0.017255067825317383
row_less_sep_row61_col1.csv,0.030459165573120117,0.026365280151367188,0.026067495346069336
row_more_sep_row17_col5.csv,0.024406909942626953,0.02331709861755371,0.015051841735839844
row_more_sep_row49_col4.csv,0.015039443969726562,0.01509237289428711,0.015104055404663086
row_more_sep_row57_col8.csv,0.014906167984008789,0.015296459197998047,0.015062332153320312
row_less_sep_row65_col6.csv,0.016814708709716797,0.017034530639648438,0.01756882667541504
row_less_sep_row49_col8.csv,0.01621413230895996,0.016722679138183594,0.021967649459838867
row_less_sep_row23_col3.csv,0.025498151779174805,0.0252835750579834,0.029714107513427734
row_more_sep_row15_col5.csv,0.025870323181152344,0.025239944458007812,0.023879528045654297
row_extra_quote44_col8.csv,0.017194032669067383,0.021397113800048828,0.01701951026916504
file_escape_char_0x5C.csv,0.01234292984008789,0.012101411819458008,0.012346267700195312
row_less_sep_row24_col3.csv,0.01665496826171875,0.019969463348388672,0.02034282684326172
row_less_sep_row57_col3.csv,0.018544435501098633,0.016651630401611328,0.016011714935302734
row_less_sep_row48_col7.csv,0.016522645950317383,0.016797304153442383,0.028918027877807617
row_less_sep_row30_col1.csv,0.033495187759399414,0.03313946723937988,0.021303176879882812
row_field_delimiter_28_0x20.csv,0.01525115966796875,0.015516281127929688,0.01582646369934082
row_extra_quote38_col3.csv,0.01523280143737793,0.014624834060668945,0.013988494873046875
row_more_sep_row9_col8.csv,0.018313169479370117,0.01844954490661621,0.015153646469116211
row_less_sep_row54_col4.csv,0.016590118408203125,0.016426563262939453,0.017847299575805664
row_extra_quote22_col6.csv,0.013518333435058594,0.013657808303833008,0.013007879257202148
row_less_sep_row77_col6.csv,0.030106544494628906,0.026664018630981445,0.02634882926940918
row_less_sep_row3_col4.csv,0.025333404541015625,0.025527000427246094,0.025961637496948242
row_more_sep_row66_col3.csv,0.024212121963500977,0.023929595947265625,0.024099349975585938
row_less_sep_row65_col7.csv,0.026463031768798828,0.026392698287963867,0.03081536293029785
row_extra_quote46_col2.csv,0.017972946166992188,0.012924432754516602,0.012916326522827148
row_more_sep_row81_col5.csv,0.014934062957763672,0.014987707138061523,0.014908790588378906
row_less_sep_row48_col2.csv,0.017015457153320312,0.01690816879272461,0.01670527458190918
row_field_delimiter_62_0x20.csv,0.015289068222045898,0.0196533203125,0.024661779403686523
row_less_sep_row26_col4.csv,0.025888919830322266,0.02565789222717285,0.029479026794433594
row_more_sep_row45_col3.csv,0.02471137046813965,0.02442002296447754,0.0236971378326416
row_more_sep_row45_col7.csv,0.023792266845703125,0.023745298385620117,0.020122766494750977
row_extra_quote47_col7.csv,0.01290130615234375,0.012577295303344727,0.012545108795166016
row_less_sep_row63_col4.csv,0.016494274139404297,0.016538619995117188,0.016665935516357422
row_more_sep_row20_col7.csv,0.01523447036743164,0.015259981155395508,0.015146970748901367
row_more_sep_row83_col7.csv,0.015423774719238281,0.015132904052734375,0.015045881271362305
row_more_sep_row45_col6.csv,0.015513896942138672,0.01528787612915039,0.015085935592651367
row_more_sep_row71_col5.csv,0.015051126480102539,0.01508188247680664,0.023242712020874023
row_less_sep_row8_col1.csv,0.024698734283447266,0.024704694747924805,0.025004148483276367
row_more_sep_row32_col3.csv,0.023777484893798828,0.025048255920410156,0.025629043579101562
row_more_sep_row18_col4.csv,0.024039030075073242,0.024220943450927734,0.015510320663452148
row_extra_quote20_col0.csv,0.013870477676391602,0.01714301109313965,0.018609285354614258
row_extra_quote18_col8.csv,0.015148639678955078,0.01392817497253418,0.014547348022460938
row_extra_quote68_col2.csv,0.014011621475219727,0.014010429382324219,0.014239788055419922
row_extra_quote28_col0.csv,0.01320648193359375,0.013576030731201172,0.018157482147216797
row_less_sep_row21_col1.csv,0.029845714569091797,0.019603729248046875,0.01664423942565918
row_extra_quote64_col0.csv,0.012983322143554688,0.012328863143920898,0.012350797653198242
row_extra_quote19_col3.csv,0.017461538314819336,0.021593809127807617,0.026957988739013672
row_less_sep_row9_col5.csv,0.03170490264892578,0.02922201156616211,0.03390979766845703
row_more_sep_row43_col4.csv,0.02435755729675293,0.02384638786315918,0.024425506591796875
row_more_sep_row20_col5.csv,0.025200366973876953,0.02453899383544922,0.02375197410583496
row_more_sep_row57_col1.csv,0.024422645568847656,0.024555206298828125,0.024893522262573242
row_extra_quote46_col8.csv,0.017578125,0.02189159393310547,0.021867752075195312
row_extra_quote19_col8.csv,0.018761157989501953,0.018161296844482422,0.022410154342651367
row_extra_quote27_col7.csv,0.018778085708618164,0.02187323570251465,0.017885684967041016
row_less_sep_row48_col1.csv,0.027556419372558594,0.026755094528198242,0.02200627326965332
row_less_sep_row34_col6.csv,0.01807713508605957,0.016716957092285156,0.016585826873779297
row_extra_quote48_col3.csv,0.013131856918334961,0.01315164566040039,0.012613296508789062
row_extra_quote63_col5.csv,0.012926340103149414,0.012423276901245117,0.01360774040222168
row_extra_quote63_col6.csv,0.013884544372558594,0.012655019760131836,0.013094425201416016
row_more_sep_row2_col7.csv,0.015491724014282227,0.0166628360748291,0.01610875129699707
row_extra_quote32_col7.csv,0.015599966049194336,0.015164613723754883,0.022998332977294922
row_more_sep_row70_col5.csv,0.024352073669433594,0.02446460723876953,0.025543689727783203
row_extra_quote71_col2.csv,0.017218828201293945,0.021498441696166992,0.0173490047454834
row_more_sep_row8_col7.csv,0.019854068756103516,0.02451324462890625,0.019696474075317383
row_extra_quote75_col7.csv,0.021644115447998047,0.017365455627441406,0.01996135711669922
row_extra_quote1_col2.csv,0.02227926254272461,0.01795816421508789,0.014186382293701172
row_more_sep_row56_col1.csv,0.0177154541015625,0.01569533348083496,0.015397310256958008
row_less_sep_row50_col8.csv,0.01775383949279785,0.01763463020324707,0.018352031707763672
row_more_sep_row31_col8.csv,0.0156710147857666,0.015378236770629883,0.0163114070892334
row_extra_quote77_col1.csv,0.013031482696533203,0.012840986251831055,0.01682424545288086
row_extra_quote55_col8.csv,0.021445035934448242,0.017612457275390625,0.021495819091796875
row_less_sep_row70_col5.csv,0.020954608917236328,0.018091917037963867,0.018320322036743164
row_less_sep_row26_col8.csv,0.016763687133789062,0.016187429428100586,0.01657867431640625
row_extra_quote24_col3.csv,0.013390064239501953,0.012854576110839844,0.013539791107177734
row_more_sep_row19_col6.csv,0.024113178253173828,0.026314735412597656,0.024650096893310547
row_extra_quote16_col6.csv,0.02360081672668457,0.0189511775970459,0.027133941650390625
row_more_sep_row83_col0.csv,0.024046897888183594,0.018656492233276367,0.015750646591186523
row_more_sep_row61_col0.csv,0.015729665756225586,0.016258955001831055,0.01511073112487793
row_less_sep_row33_col5.csv,0.02048015594482422,0.02080225944519043,0.029837369918823242
row_extra_quote0_col6.csv,0.02240467071533203,0.022276639938354492,0.02245354652404785
row_extra_quote9_col5.csv,0.023947954177856445,0.02466893196105957,0.02341771125793457
row_extra_quote17_col4.csv,0.02309560775756836,0.02316427230834961,0.017256736755371094
row_less_sep_row66_col2.csv,0.017924785614013672,0.017768144607543945,0.01758885383605957
row_more_sep_row52_col5.csv,0.015586376190185547,0.015980005264282227,0.015036344528198242
row_more_sep_row44_col5.csv,0.015651226043701172,0.015424251556396484,0.024158239364624023
row_field_delimiter_54_0x20.csv,0.0159456729888916,0.015657424926757812,0.015373945236206055
row_less_sep_row29_col8.csv,0.017274856567382812,0.01716756820678711,0.01784038543701172
row_less_sep_row45_col5.csv,0.020827531814575195,0.02052474021911621,0.020418167114257812
row_extra_quote72_col8.csv,0.013520002365112305,0.012441635131835938,0.01310110092163086
file_field_delimiter_0x2C_0x20.csv,0.16403818130493164,0.16018199920654297,0.16115331649780273
row_less_sep_row69_col2.csv,0.027037620544433594,0.021065711975097656,0.016944408416748047
row_less_sep_row2_col2.csv,0.020069360733032227,0.019838333129882812,0.021678447723388672
row_more_sep_row32_col6.csv,0.016204118728637695,0.016289949417114258,0.01681375503540039
row_extra_quote63_col0.csv,0.013004064559936523,0.012951135635375977,0.013012170791625977
row_more_sep_row24_col3.csv,0.015634536743164062,0.014945268630981445,0.01495504379272461
row_less_sep_row23_col6.csv,0.019016504287719727,0.01912212371826172,0.032703399658203125
row_more_sep_row38_col5.csv,0.02426314353942871,0.027982234954833984,0.02440810203552246
row_less_sep_row65_col2.csv,0.0266268253326416,0.022017955780029297,0.017629623413085938
row_less_sep_row83_col2.csv,0.01694464683532715,0.01687169075012207,0.016520977020263672
row_more_sep_row44_col4.csv,0.015119314193725586,0.01501011848449707,0.014934301376342773
row_extra_quote32_col6.csv,0.012809276580810547,0.01252293586730957,0.012719869613647461
row_less_sep_row66_col7.csv,0.018499374389648438,0.018198728561401367,0.017728567123413086
row_extra_quote59_col3.csv,0.01528310775756836,0.012304067611694336,0.012346744537353516
row_more_sep_row31_col6.csv,0.019208908081054688,0.023827552795410156,0.023920774459838867
row_extra_quote13_col6.csv,0.019219398498535156,0.02186894416809082,0.022020816802978516
row_less_sep_row30_col2.csv,0.025173187255859375,0.025646686553955078,0.025536298751831055
row_extra_quote23_col4.csv,0.01739645004272461,0.017337799072265625,0.01772761344909668
row_less_sep_row12_col1.csv,0.016638517379760742,0.016257524490356445,0.01634669303894043
row_more_sep_row1_col5.csv,0.014806509017944336,0.014921426773071289,0.01599907875061035
row_extra_quote42_col0.csv,0.013336896896362305,0.012408256530761719,0.01255655288696289
row_extra_quote81_col7.csv,0.01266932487487793,0.01203298568725586,0.012091636657714844
row_extra_quote72_col0.csv,0.012775182723999023,0.012368917465209961,0.012433767318725586
row_less_sep_row31_col2.csv,0.016700267791748047,0.016461849212646484,0.016330242156982422
row_extra_quote33_col8.csv,0.02221846580505371,0.025768756866455078,0.02573561668395996
row_more_sep_row37_col0.csv,0.02782917022705078,0.02387237548828125,0.0193784236907959
row_less_sep_row38_col1.csv,0.02921128273010254,0.03745627403259277,0.02928900718688965
row_more_sep_row77_col0.csv,0.031946420669555664,0.027759790420532227,0.03225541114807129
row_less_sep_row53_col2.csv,0.03503012657165527,0.018216371536254883,0.016125917434692383
row_extra_quote52_col1.csv,0.012595653533935547,0.012421369552612305,0.013110637664794922
row_extra_quote82_col8.csv,0.012124061584472656,0.011986494064331055,0.01206827163696289
row_less_sep_row81_col1.csv,0.01644277572631836,0.016298770904541016,0.025146484375
file_multitable_less.csv,0.13478732109069824,0.13818097114562988,0.12597012519836426
row_less_sep_row3_col7.csv,0.018082857131958008,0.016928434371948242,0.016854047775268555
row_more_sep_row70_col3.csv,0.015125036239624023,0.014916658401489258,0.0154266357421875
row_less_sep_row56_col5.csv,0.017063140869140625,0.016884803771972656,0.016892194747924805
row_more_sep_row9_col1.csv,0.015119075775146484,0.014999866485595703,0.015390872955322266
row_more_sep_row14_col0.csv,0.015259742736816406,0.015083074569702148,0.015106439590454102
row_extra_quote19_col4.csv,0.018054485321044922,0.022051334381103516,0.026404619216918945
row_extra_quote30_col1.csv,0.017482280731201172,0.021630048751831055,0.01788640022277832
row_more_sep_row79_col6.csv,0.024030208587646484,0.02400374412536621,0.02392864227294922
row_more_sep_row50_col3.csv,0.02374434471130371,0.02353525161743164,0.01961493492126465
row_extra_quote45_col6.csv,0.012845993041992188,0.013612985610961914,0.014342546463012695
row_less_sep_row17_col3.csv,0.02031421661376953,0.021514892578125,0.016805171966552734
row_less_sep_row28_col3.csv,0.017712831497192383,0.01679253578186035,0.017422199249267578
row_less_sep_row29_col3.csv,0.02945399284362793,0.028827667236328125,0.03865861892700195
row_more_sep_row54_col2.csv,0.028270721435546875,0.023937463760375977,0.02540755271911621
row_less_sep_row41_col6.csv,0.015377044677734375,0.015462398529052734,0.016656160354614258
row_extra_quote44_col3.csv,0.012859821319580078,0.01305699348449707,0.015113353729248047
row_extra_quote11_col3.csv,0.013127326965332031,0.013545989990234375,0.014250040054321289
row_extra_quote39_col3.csv,0.021999597549438477,0.021445751190185547,0.017160415649414062
row_extra_quote2_col8.csv,0.01808786392211914,0.013053417205810547,0.012851238250732422
row_extra_quote6_col3.csv,0.012862443923950195,0.014572381973266602,0.013265609741210938
row_extra_quote4_col1.csv,0.013543367385864258,0.014397621154785156,0.013627052307128906
row_extra_quote14_col0.csv,0.01320505142211914,0.014272451400756836,0.014593362808227539
row_extra_quote33_col1.csv,0.012747526168823242,0.013744115829467773,0.013262271881103516
row_more_sep_row49_col3.csv,0.015479564666748047,0.015921354293823242,0.015988588333129883
row_more_sep_row28_col8.csv,0.016249418258666992,0.02358555793762207,0.01946878433227539
row_more_sep_row71_col0.csv,0.01625847816467285,0.015187740325927734,0.015911579132080078
row_extra_quote52_col0.csv,0.013623476028442383,0.012510538101196289,0.012984514236450195
row_more_sep_row65_col7.csv,0.015015602111816406,0.016091108322143555,0.015104293823242188
row_less_sep_row19_col6.csv,0.018165111541748047,0.016733646392822266,0.017241716384887695
row_more_sep_row40_col0.csv,0.02407526969909668,0.020044803619384766,0.01748490333557129
row_more_sep_row27_col5.csv,0.015396833419799805,0.015305757522583008,0.016518354415893555
row_extra_quote77_col4.csv,0.012485980987548828,0.01203298568725586,0.015476226806640625
row_more_sep_row41_col8.csv,0.020247220993041992,0.01600050926208496,0.01587653160095215
row_more_sep_row65_col8.csv,0.015024900436401367,0.01863574981689453,0.01518106460571289
row_less_sep_row27_col5.csv,0.0176088809967041,0.018292903900146484,0.017436504364013672
row_less_sep_row37_col7.csv,0.016323089599609375,0.019658327102661133,0.016387462615966797
row_extra_quote5_col0.csv,0.014520883560180664,0.013906478881835938,0.013190984725952148
row_less_sep_row22_col3.csv,0.0166013240814209,0.02054309844970703,0.016572237014770508
row_extra_quote83_col6.csv,0.017838478088378906,0.017368555068969727,0.017050981521606445
row_more_sep_row52_col0.csv,0.016379833221435547,0.015866994857788086,0.015499591827392578
row_field_delimiter_33_0x20.csv,0.017212390899658203,0.02279376983642578,0.016340970993041992
row_extra_quote53_col0.csv,0.014765501022338867,0.012409448623657227,0.013813972473144531
row_less_sep_row37_col6.csv,0.018137216567993164,0.016932249069213867,0.01786947250366211
row_field_delimiter_57_0x20.csv,0.021403789520263672,0.015344858169555664,0.016477584838867188
row_extra_quote52_col6.csv,0.013238906860351562,0.012607812881469727,0.01371622085571289
row_extra_quote21_col0.csv,0.013680458068847656,0.013912439346313477,0.014255762100219727
row_more_sep_row31_col5.csv,0.015141010284423828,0.01964426040649414,0.024412870407104492
row_less_sep_row57_col4.csv,0.028037071228027344,0.029966354370117188,0.02755427360534668
row_more_sep_row83_col6.csv,0.02109813690185547,0.023826122283935547,0.024496078491210938
file_no_header.csv,0.02089381217956543,0.01672959327697754,0.020760774612426758
row_extra_quote66_col2.csv,0.01785874366760254,0.021426916122436523,0.024785518646240234
row_more_sep_row69_col0.csv,0.026996850967407227,0.024914264678955078,0.03104877471923828
row_extra_quote62_col5.csv,0.0179445743560791,0.02334880828857422,0.01688408851623535
row_less_sep_row57_col7.csv,0.024679899215698242,0.025898218154907227,0.02768421173095703
row_extra_quote18_col4.csv,0.018527746200561523,0.02609086036682129,0.018209218978881836
row_less_sep_row75_col1.csv,0.022551536560058594,0.03194999694824219,0.048705101013183594
row_less_sep_row5_col1.csv,0.019460678100585938,0.0340266227722168,0.02661585807800293
row_more_sep_row62_col1.csv,0.01682877540588379,0.016515016555786133,0.016147613525390625
row_more_sep_row38_col4.csv,0.01599264144897461,0.01474142074584961,0.016653060913085938
row_less_sep_row51_col3.csv,0.017586946487426758,0.018008708953857422,0.017465829849243164
row_more_sep_row64_col7.csv,0.015320539474487305,0.016652822494506836,0.018909692764282227
row_more_sep_row35_col5.csv,0.01727771759033203,0.01672077178955078,0.016232728958129883
row_more_sep_row66_col0.csv,0.01768946647644043,0.02932000160217285,0.027678728103637695
row_less_sep_row41_col8.csv,0.016997098922729492,0.018557310104370117,0.019921064376831055
row_less_sep_row83_col6.csv,0.028616666793823242,0.018726110458374023,0.017852067947387695
row_less_sep_row46_col5.csv,0.01697826385498047,0.017412424087524414,0.018332481384277344
row_more_sep_row28_col5.csv,0.016661405563354492,0.01619124412536621,0.017116308212280273
row_more_sep_row40_col5.csv,0.015454769134521484,0.016509294509887695,0.015257835388183594
row_more_sep_row6_col2.csv,0.024578094482421875,0.020798444747924805,0.021384239196777344
row_extra_quote5_col5.csv,0.015191078186035156,0.02556300163269043,0.027701377868652344
row_more_sep_row46_col6.csv,0.02478313446044922,0.027499914169311523,0.026844024658203125
row_less_sep_row41_col1.csv,0.033477067947387695,0.027243375778198242,0.019252300262451172
row_less_sep_row41_col3.csv,0.020802974700927734,0.017708301544189453,0.017856121063232422
row_more_sep_row81_col0.csv,0.016978979110717773,0.01594853401184082,0.016315937042236328
row_extra_quote37_col2.csv,0.015003442764282227,0.012927770614624023,0.013593435287475586
row_less_sep_row20_col2.csv,0.018586158752441406,0.018815040588378906,0.02721571922302246
row_field_delimiter_13_0x20.csv,0.02230668067932129,0.027518749237060547,0.02987504005432129
row_less_sep_row81_col4.csv,0.023530244827270508,0.020183801651000977,0.019170045852661133
row_less_sep_row80_col8.csv,0.01804375648498535,0.017409086227416992,0.02045440673828125
row_less_sep_row74_col4.csv,0.02053046226501465,0.028649568557739258,0.02147364616394043
row_extra_quote20_col3.csv,0.013422012329101562,0.013045310974121094,0.013195276260375977
row_less_sep_row21_col8.csv,0.017210006713867188,0.01903510093688965,0.018129825592041016
row_extra_quote40_col7.csv,0.014293909072875977,0.013788461685180664,0.012812137603759766
row_more_sep_row78_col4.csv,0.016207218170166016,0.01618361473083496,0.01496434211730957
row_less_sep_row73_col4.csv,0.017680644989013672,0.01686549186706543,0.025834321975708008
row_extra_quote10_col6.csv,0.01851344108581543,0.026846647262573242,0.02103900909423828
row_extra_quote68_col4.csv,0.021323204040527344,0.01779627799987793,0.013414144515991211
row_more_sep_row1_col0.csv,0.016213178634643555,0.014862775802612305,0.015074491500854492
row_less_sep_row78_col3.csv,0.02072930335998535,0.016642093658447266,0.017282962799072266
row_extra_quote47_col0.csv,0.014957904815673828,0.012464523315429688,0.013280391693115234
row_more_sep_row72_col5.csv,0.015317440032958984,0.01746225357055664,0.015594959259033203
row_more_sep_row46_col7.csv,0.016832351684570312,0.031414031982421875,0.032126665115356445
row_more_sep_row1_col3.csv,0.01580047607421875,0.016673564910888672,0.014735221862792969
row_extra_quote80_col8.csv,0.012668132781982422,0.013394594192504883,0.013477325439453125
row_less_sep_row70_col4.csv,0.01863241195678711,0.018036842346191406,0.017087936401367188
row_less_sep_row23_col2.csv,0.01671767234802246,0.01793956756591797,0.016705989837646484
row_extra_quote74_col5.csv,0.014160871505737305,0.012843608856201172,0.013153553009033203
row_extra_quote74_col0.csv,0.019872426986694336,0.02086329460144043,0.019158601760864258
row_extra_quote32_col4.csv,0.01743459701538086,0.021709442138671875,0.022069215774536133
row_extra_quote16_col8.csv,0.022461414337158203,0.021523475646972656,0.02169179916381836
row_less_sep_row20_col5.csv,0.037903547286987305,0.03510403633117676,0.030164003372192383
row_more_sep_row10_col1.csv,0.025725364685058594,0.019954681396484375,0.015158891677856445
row_more_sep_row58_col5.csv,0.015015602111816406,0.014908313751220703,0.014987945556640625
row_extra_quote67_col0.csv,0.012763738632202148,0.012338876724243164,0.012299776077270508
row_extra_quote41_col3.csv,0.012726068496704102,0.01257634162902832,0.012611865997314453
row_more_sep_row74_col2.csv,0.015192031860351562,0.01576089859008789,0.01504373550415039
row_less_sep_row6_col4.csv,0.025583267211914062,0.026386260986328125,0.02997136116027832
row_field_delimiter_69_0x20.csv,0.02000570297241211,0.019820451736450195,0.015300989151000977
row_extra_quote32_col5.csv,0.012743949890136719,0.012817621231079102,0.013085365295410156
row_less_sep_row59_col3.csv,0.017005205154418945,0.017195463180541992,0.01734137535095215
row_more_sep_row22_col4.csv,0.015964269638061523,0.015683889389038086,0.015195608139038086
row_less_sep_row15_col5.csv,0.01878833770751953,0.022284746170043945,0.03900408744812012
source.csv,0.02582240104675293,0.024300336837768555,0.020769834518432617
row_less_sep_row60_col8.csv,0.02530217170715332,0.025414228439331055,0.025896787643432617
row_extra_quote52_col7.csv,0.035623788833618164,0.038360595703125,0.022435903549194336
row_extra_quote12_col2.csv,0.017204999923706055,0.023089885711669922,0.017578840255737305
row_extra_quote26_col0.csv,0.017336130142211914,0.017382144927978516,0.021555185317993164
row_extra_quote21_col3.csv,0.021750688552856445,0.01943063735961914,0.021467924118041992
row_more_sep_row5_col3.csv,0.041703224182128906,0.04189443588256836,0.025252580642700195
row_extra_quote79_col1.csv,0.012337446212768555,0.01204061508178711,0.012830734252929688
row_less_sep_row65_col8.csv,0.021093368530273438,0.02102494239807129,0.0178985595703125
row_more_sep_row80_col2.csv,0.015437126159667969,0.015253067016601562,0.015101432800292969
row_more_sep_row11_col8.csv,0.01543879508972168,0.021407604217529297,0.028010129928588867
row_less_sep_row61_col3.csv,0.017385482788085938,0.016767263412475586,0.02010059356689453
row_more_sep_row11_col1.csv,0.024312734603881836,0.023403644561767578,0.023761510848999023
row_less_sep_row32_col8.csv,0.02571725845336914,0.01668715476989746,0.016166210174560547
row_more_sep_row51_col6.csv,0.015244483947753906,0.015011310577392578,0.015387535095214844
row_less_sep_row50_col6.csv,0.01746058464050293,0.018639564514160156,0.0173797607421875
row_extra_quote23_col5.csv,0.013412952423095703,0.013379335403442383,0.013959646224975586
row_extra_quote6_col7.csv,0.013397216796875,0.017772912979125977,0.022184371948242188
row_field_delimiter_26_0x20.csv,0.019877910614013672,0.01535654067993164,0.015369653701782227
row_extra_quote9_col8.csv,0.013926506042480469,0.01337885856628418,0.01374959945678711
row_more_sep_row46_col1.csv,0.015340805053710938,0.017607688903808594,0.016762495040893555
row_extra_quote70_col2.csv,0.012428998947143555,0.012298107147216797,0.012421846389770508
row_more_sep_row10_col0.csv,0.015108823776245117,0.014998435974121094,0.015281915664672852
row_more_sep_row13_col6.csv,0.015215158462524414,0.01486659049987793,0.014992237091064453
row_more_sep_row3_col2.csv,0.015009880065917969,0.014982461929321289,0.027460575103759766
row_more_sep_row14_col4.csv,0.03225350379943848,0.03204655647277832,0.03213787078857422
row_more_sep_row63_col0.csv,0.0319979190826416,0.03278994560241699,0.02873086929321289
row_extra_quote31_col4.csv,0.01298379898071289,0.012930870056152344,0.012591361999511719
row_extra_quote73_col7.csv,0.013291120529174805,0.012056827545166016,0.012165069580078125
row_more_sep_row34_col6.csv,0.014899492263793945,0.014764785766601562,0.014782905578613281
row_extra_quote60_col7.csv,0.012481212615966797,0.012338638305664062,0.012212038040161133
row_more_sep_row38_col2.csv,0.015033245086669922,0.015764236450195312,0.015905141830444336
row_extra_quote62_col7.csv,0.012632131576538086,0.01204681396484375,0.0125274658203125
row_extra_quote79_col2.csv,0.01208806037902832,0.012029170989990234,0.011983394622802734
row_less_sep_row73_col7.csv,0.01669788360595703,0.020954608917236328,0.02539229393005371
row_less_sep_row71_col7.csv,0.025203466415405273,0.0249330997467041,0.026355266571044922
row_less_sep_row23_col1.csv,0.025403976440429688,0.030109882354736328,0.032291412353515625
row_less_sep_row38_col8.csv,0.07214689254760742,0.047719478607177734,0.032887935638427734
row_less_sep_row55_col2.csv,0.021044015884399414,0.025278329849243164,0.01659107208251953
row_less_sep_row21_col6.csv,0.016934633255004883,0.016169309616088867,0.017319917678833008
row_extra_quote80_col7.csv,0.012303590774536133,0.012006282806396484,0.011929035186767578
row_extra_quote6_col6.csv,0.01292872428894043,0.012827634811401367,0.01330113410949707
row_less_sep_row72_col4.csv,0.016965627670288086,0.016726970672607422,0.017270803451538086
row_extra_quote8_col2.csv,0.013170957565307617,0.012989997863769531,0.013885498046875
row_extra_quote77_col0.csv,0.01659679412841797,0.02085423469543457,0.020810365676879883
row_less_sep_row4_col8.csv,0.017531156539916992,0.01716756820678711,0.01713705062866211
row_more_sep_row57_col2.csv,0.01506662368774414,0.014858245849609375,0.014903545379638672
row_less_sep_row51_col8.csv,0.017032146453857422,0.016783952713012695,0.017081737518310547
row_less_sep_row50_col2.csv,0.01712632179260254,0.01767754554748535,0.025526046752929688
row_extra_quote74_col8.csv,0.016791582107543945,0.020933151245117188,0.02100348472595215
row_extra_quote5_col4.csv,0.020342111587524414,0.021558284759521484,0.022154808044433594
row_less_sep_row31_col6.csv,0.025243282318115234,0.026356220245361328,0.025370359420776367
row_more_sep_row74_col0.csv,0.02405405044555664,0.023816585540771484,0.0361936092376709
row_less_sep_row3_col5.csv,0.050228118896484375,0.0350494384765625,0.030812501907348633
row_more_sep_row44_col3.csv,0.027233600616455078,0.027367591857910156,0.04490971565246582
row_more_sep_row35_col3.csv,0.04057455062866211,0.044281005859375,0.04470515251159668
row_less_sep_row32_col7.csv,0.04657244682312012,0.038742780685424805,0.02922224998474121
row_less_sep_row19_col2.csv,0.0305788516998291,0.030824899673461914,0.031035661697387695
row_extra_quote77_col3.csv,0.023130178451538086,0.03147315979003906,0.036757469177246094
row_extra_quote30_col3.csv,0.03725790977478027,0.036519527435302734,0.036695003509521484
row_less_sep_row13_col6.csv,0.0424952507019043,0.04277515411376953,0.04785585403442383
row_more_sep_row48_col0.csv,0.04098033905029297,0.03177309036254883,0.02724766731262207
row_more_sep_row43_col2.csv,0.027583599090576172,0.02740335464477539,0.026857852935791016
row_less_sep_row8_col2.csv,0.02934741973876953,0.050539493560791016,0.04600119590759277
row_more_sep_row44_col7.csv,0.03917741775512695,0.026001930236816406,0.025977373123168945
row_extra_quote77_col2.csv,0.022084951400756836,0.01931142807006836,0.012798786163330078
row_more_sep_row0_col4.csv,0.012332677841186523,0.012276411056518555,0.012009382247924805
row_more_sep_row36_col8.csv,0.01566290855407715,0.024114131927490234,0.024530887603759766
row_less_sep_row10_col1.csv,0.026712894439697266,0.025180578231811523,0.026456594467163086
row_extra_quote80_col4.csv,0.021363258361816406,0.01369786262512207,0.014621496200561523
row_more_sep_row75_col8.csv,0.016185283660888672,0.01663947105407715,0.015508651733398438
row_less_sep_row66_col1.csv,0.01709747314453125,0.017525196075439453,0.01811075210571289
row_less_sep_row24_col5.csv,0.018724679946899414,0.019149303436279297,0.01705622673034668
row_extra_quote1_col4.csv,0.013820886611938477,0.013720273971557617,0.013349771499633789
row_field_delimiter_39_0x20.csv,0.015460014343261719,0.016225099563598633,0.023789644241333008
row_less_sep_row16_col8.csv,0.02611064910888672,0.026536941528320312,0.03194475173950195
row_extra_quote1_col0.csv,0.02668023109436035,0.03162121772766113,0.022571802139282227
row_less_sep_row47_col7.csv,0.025279760360717773,0.028217315673828125,0.025896787643432617
row_less_sep_row40_col2.csv,0.025142669677734375,0.02148747444152832,0.025568485260009766
row_more_sep_row71_col4.csv,0.024255752563476562,0.024044275283813477,0.023737192153930664
row_more_sep_row29_col6.csv,0.02655816078186035,0.0239713191986084,0.0314939022064209
row_extra_quote15_col6.csv,0.0178372859954834,0.0277707576751709,0.02212381362915039
row_less_sep_row32_col5.csv,0.028610944747924805,0.02852797508239746,0.03418564796447754
row_more_sep_row12_col7.csv,0.024634838104248047,0.02503061294555664,0.042514801025390625
row_extra_quote58_col8.csv,0.03145313262939453,0.018469810485839844,0.013493061065673828
row_more_sep_row69_col7.csv,0.01672649383544922,0.015733718872070312,0.01604747772216797
row_less_sep_row12_col2.csv,0.017974138259887695,0.02138662338256836,0.022265911102294922
row_less_sep_row13_col5.csv,0.0180206298828125,0.01896977424621582,0.017431259155273438
row_more_sep_row11_col2.csv,0.01681065559387207,0.015152215957641602,0.025631427764892578
row_less_sep_row35_col6.csv,0.015869140625,0.017374515533447266,0.017499685287475586
row_more_sep_row47_col6.csv,0.017101049423217773,0.0163114070892334,0.01776862144470215
row_extra_quote33_col6.csv,0.014370441436767578,0.012947559356689453,0.015333175659179688
row_extra_quote83_col1.csv,0.012572765350341797,0.012233257293701172,0.015165090560913086
row_more_sep_row35_col0.csv,0.0179440975189209,0.03816032409667969,0.03538799285888672
row_less_sep_row39_col2.csv,0.02808690071105957,0.025923967361450195,0.02621173858642578
file_multitable_more.csv,0.04031181335449219,0.03917264938354492,0.037235260009765625
row_more_sep_row26_col8.csv,0.023328542709350586,0.02353835105895996,0.02360701560974121
row_field_delimiter_25_0x20.csv,0.0237271785736084,0.023972272872924805,0.025943756103515625
row_more_sep_row76_col1.csv,0.023594379425048828,0.02385568618774414,0.024129390716552734
row_more_sep_row61_col3.csv,0.015271663665771484,0.015038490295410156,0.015030145645141602
row_extra_quote23_col3.csv,0.012848854064941406,0.012710094451904297,0.013433456420898438
row_less_sep_row28_col2.csv,0.016314029693603516,0.016575098037719727,0.016397476196289062
row_less_sep_row51_col1.csv,0.0171048641204834,0.016852140426635742,0.017688751220703125
row_field_delimiter_52_0x20.csv,0.01553034782409668,0.016035079956054688,0.0382845401763916
row_extra_quote28_col4.csv,0.023615360260009766,0.025528907775878906,0.030025482177734375
row_extra_quote5_col7.csv,0.04601907730102539,0.03708910942077637,0.013643980026245117
row_more_sep_row65_col5.csv,0.015387773513793945,0.014900684356689453,0.015584230422973633
row_extra_quote21_col1.csv,0.016407012939453125,0.016585111618041992,0.014212369918823242
row_more_sep_row49_col6.csv,0.018627166748046875,0.0173797607421875,0.021567821502685547
row_more_sep_row73_col2.csv,0.016588687896728516,0.02280879020690918,0.0330045223236084
row_extra_quote47_col5.csv,0.034319162368774414,0.021600723266601562,0.022206544876098633
row_less_sep_row52_col5.csv,0.02739238739013672,0.02642226219177246,0.02823781967163086
row_more_sep_row6_col8.csv,0.01606297492980957,0.016223907470703125,0.01530313491821289
row_extra_quote64_col1.csv,0.012719392776489258,0.012923479080200195,0.013185739517211914
row_extra_quote79_col6.csv,0.012503862380981445,0.012872695922851562,0.01269221305847168
row_more_sep_row15_col6.csv,0.015923738479614258,0.015207290649414062,0.02455735206604004
row_more_sep_row36_col2.csv,0.020972251892089844,0.02383136749267578,0.038468122482299805
row_more_sep_row64_col4.csv,0.03239607810974121,0.03200483322143555,0.03246641159057617
row_extra_quote54_col5.csv,0.02598261833190918,0.012461662292480469,0.012675285339355469
row_more_sep_row35_col2.csv,0.015576839447021484,0.01567220687866211,0.01572108268737793
row_extra_quote69_col0.csv,0.013561010360717773,0.01233220100402832,0.012731552124023438
row_more_sep_row54_col8.csv,0.015460491180419922,0.015187501907348633,0.015053749084472656
row_extra_quote39_col6.csv,0.013103485107421875,0.012877464294433594,0.02170538902282715
row_extra_quote69_col2.csv,0.0178067684173584,0.021404027938842773,0.016764163970947266
row_extra_quote26_col4.csv,0.01861262321472168,0.017519474029541016,0.02133345603942871
row_more_sep_row56_col8.csv,0.019203662872314453,0.023468494415283203,0.019516944885253906
row_extra_quote17_col6.csv,0.017685651779174805,0.021496295928955078,0.021565914154052734
row_less_sep_row32_col1.csv,0.02471184730529785,0.02506422996520996,0.029263019561767578
row_less_sep_row7_col5.csv,0.026222705841064453,0.025748729705810547,0.02968883514404297
row_more_sep_row60_col2.csv,0.019473791122436523,0.020762920379638672,0.015160799026489258
row_extra_quote1_col5.csv,0.014436483383178711,0.012820720672607422,0.013083696365356445
row_less_sep_row7_col7.csv,0.01718735694885254,0.017177104949951172,0.01682591438293457
row_extra_quote30_col5.csv,0.012918710708618164,0.013563871383666992,0.012591361999511719
row_extra_quote62_col4.csv,0.012363672256469727,0.012224912643432617,0.01639533042907715
row_more_sep_row72_col8.csv,0.023245573043823242,0.02337646484375,0.023370742797851562
row_more_sep_row64_col2.csv,0.023638010025024414,0.02350306510925293,0.02347111701965332
row_more_sep_row20_col0.csv,0.022681474685668945,0.024231672286987305,0.023199081420898438
row_field_delimiter_20_0x20.csv,0.015070915222167969,0.01523137092590332,0.015140295028686523
row_extra_quote59_col5.csv,0.012532234191894531,0.012154817581176758,0.013034343719482422
row_extra_quote5_col6.csv,0.012932062149047852,0.013103723526000977,0.012955188751220703
row_more_sep_row29_col2.csv,0.02331066131591797,0.023701190948486328,0.02356743812561035
row_extra_quote60_col5.csv,0.02115797996520996,0.016852378845214844,0.02124762535095215
row_more_sep_row61_col7.csv,0.023424386978149414,0.023396968841552734,0.014818191528320312
row_less_sep_row45_col8.csv,0.016590356826782227,0.016452312469482422,0.016620635986328125
row_less_sep_row57_col5.csv,0.016727447509765625,0.01671147346496582,0.01696181297302246
row_extra_quote66_col8.csv,0.013058900833129883,0.01495361328125,0.016815662384033203
row_more_sep_row42_col7.csv,0.01575636863708496,0.017340898513793945,0.016412734985351562
row_extra_quote64_col8.csv,0.012762308120727539,0.01266169548034668,0.01867389678955078
row_extra_quote42_col6.csv,0.025565624237060547,0.01756000518798828,0.017209529876708984
row_more_sep_row17_col2.csv,0.02116703987121582,0.024640321731567383,0.03037238121032715
row_less_sep_row35_col4.csv,0.027523279190063477,0.03240966796875,0.03287982940673828
row_more_sep_row23_col0.csv,0.02754664421081543,0.027790069580078125,0.029959440231323242
row_more_sep_row81_col6.csv,0.02424931526184082,0.024321556091308594,0.03229331970214844
row_more_sep_row39_col3.csv,0.027145862579345703,0.0349576473236084,0.025175809860229492
row_more_sep_row16_col5.csv,0.02539539337158203,0.03022933006286621,0.0279848575592041
row_more_sep_row71_col3.csv,0.026211977005004883,0.02447652816772461,0.033709049224853516
row_less_sep_row67_col4.csv,0.04093289375305176,0.04069066047668457,0.03520989418029785
row_less_sep_row67_col5.csv,0.03475618362426758,0.040146589279174805,0.04071474075317383
row_less_sep_row62_col7.csv,0.03417372703552246,0.03491473197937012,0.027013540267944336
row_less_sep_row28_col6.csv,0.02790093421936035,0.04930853843688965,0.029328584671020508
row_field_delimiter_35_0x20.csv,0.026990413665771484,0.025448083877563477,0.03063035011291504
row_extra_quote30_col4.csv,0.017904281616210938,0.022391796112060547,0.02241063117980957
row_less_sep_row52_col8.csv,0.02695322036743164,0.03406858444213867,0.02729511260986328
row_less_sep_row70_col7.csv,0.02699112892150879,0.025860071182250977,0.02965068817138672
row_extra_quote76_col2.csv,0.017309904098510742,0.021028757095336914,0.012044668197631836
row_extra_quote46_col5.csv,0.012554168701171875,0.012323856353759766,0.012398958206176758
file_no_trailing_newline.csv,0.01196599006652832,0.011905670166015625,0.01189565658569336
row_less_sep_row47_col6.csv,0.016815185546875,0.01626896858215332,0.016544818878173828
row_extra_quote78_col8.csv,0.012281656265258789,0.012378454208374023,0.011960029602050781
row_less_sep_row64_col3.csv,0.01634383201599121,0.025019407272338867,0.02573370933532715
row_less_sep_row72_col2.csv,0.02584695816040039,0.025722265243530273,0.02621603012084961
row_extra_quote12_col8.csv,0.022402048110961914,0.021976709365844727,0.017747879028320312
row_more_sep_row39_col2.csv,0.019295215606689453,0.023801565170288086,0.02540421485900879
row_extra_quote10_col5.csv,0.026683330535888672,0.017578601837158203,0.02250075340270996
row_more_sep_row45_col8.csv,0.0244448184967041,0.01632094383239746,0.016592025756835938
row_extra_quote31_col5.csv,0.013270378112792969,0.013423442840576172,0.013300895690917969
row_extra_quote17_col0.csv,0.014217615127563477,0.013349294662475586,0.0178830623626709
row_more_sep_row73_col8.csv,0.025255441665649414,0.024378538131713867,0.023964643478393555
row_extra_quote53_col4.csv,0.020642757415771484,0.017650604248046875,0.021442413330078125
row_less_sep_row25_col2.csv,0.01791691780090332,0.017294645309448242,0.017615556716918945
row_extra_quote80_col6.csv,0.01262354850769043,0.015862226486206055,0.012465953826904297
row_extra_quote74_col6.csv,0.01550745964050293,0.012204885482788086,0.01230311393737793
row_extra_quote74_col4.csv,0.012327909469604492,0.012268304824829102,0.012213945388793945
row_more_sep_row19_col0.csv,0.014966726303100586,0.015057563781738281,0.015306711196899414
row_extra_quote38_col7.csv,0.013152837753295898,0.012624025344848633,0.01263737678527832
row_less_sep_row2_col1.csv,0.03522920608520508,0.022046327590942383,0.017537593841552734
row_less_sep_row32_col6.csv,0.016308307647705078,0.01596379280090332,0.01623392105102539
row_more_sep_row60_col3.csv,0.015408992767333984,0.014939308166503906,0.014935731887817383
row_less_sep_row33_col4.csv,0.017168521881103516,0.016628026962280273,0.016694307327270508
row_extra_quote33_col0.csv,0.012991666793823242,0.0126190185546875,0.012987136840820312
file_one_data_row.csv,0.0005340576171875,0.00029397010803222656,0.00024509429931640625
row_more_sep_row82_col7.csv,0.01967167854309082,0.023849964141845703,0.024938583374023438
row_extra_quote79_col7.csv,0.016730308532714844,0.02079463005065918,0.016497135162353516
row_more_sep_row55_col1.csv,0.023717880249023438,0.024129152297973633,0.024376630783081055
row_extra_quote49_col5.csv,0.017177104949951172,0.021404266357421875,0.021428823471069336
row_extra_quote22_col1.csv,0.01720142364501953,0.021682024002075195,0.02174997329711914
row_less_sep_row74_col7.csv,0.026265382766723633,0.025884151458740234,0.029895305633544922
row_more_sep_row42_col8.csv,0.023957014083862305,0.03682065010070801,0.048364877700805664
row_field_delimiter_23_0x20.csv,0.03386664390563965,0.027228832244873047,0.0160369873046875
row_extra_quote53_col6.csv,0.013069868087768555,0.012489795684814453,0.013484954833984375
row_less_sep_row25_col6.csv,0.020336389541625977,0.033316612243652344,0.03361773490905762
row_more_sep_row47_col0.csv,0.023934364318847656,0.024088621139526367,0.027007102966308594
row_less_sep_row49_col2.csv,0.021188974380493164,0.02492070198059082,0.024770498275756836
row_more_sep_row70_col7.csv,0.023864030838012695,0.0236208438873291,0.024305343627929688
row_extra_quote16_col5.csv,0.017566680908203125,0.0173492431640625,0.02155613899230957
row_less_sep_row44_col8.csv,0.025624513626098633,0.02150702476501465,0.016956090927124023
row_more_sep_row39_col1.csv,0.015029668807983398,0.014891386032104492,0.014996051788330078
row_more_sep_row6_col0.csv,0.015078067779541016,0.023648500442504883,0.023906230926513672
row_more_sep_row41_col7.csv,0.0262758731842041,0.01943063735961914,0.014768123626708984
row_field_delimiter_65_0x20.csv,0.015465497970581055,0.015082359313964844,0.01572394371032715
row_less_sep_row37_col3.csv,0.01664876937866211,0.01664257049560547,0.01661396026611328
row_more_sep_row77_col4.csv,0.015967369079589844,0.015012264251708984,0.02382659912109375
row_less_sep_row79_col7.csv,0.025881290435791016,0.03435349464416504,0.025360584259033203
row_less_sep_row26_col1.csv,0.025368690490722656,0.02542901039123535,0.02927565574645996
row_more_sep_row49_col8.csv,0.024152040481567383,0.015335798263549805,0.015597105026245117
row_extra_quote28_col1.csv,0.013707637786865234,0.02011275291442871,0.025277137756347656
row_less_sep_row6_col8.csv,0.03169703483581543,0.028591394424438477,0.03015756607055664
row_extra_quote65_col8.csv,0.017260074615478516,0.016943931579589844,0.02567434310913086
row_extra_quote61_col1.csv,0.026122093200683594,0.030135154724121094,0.03040027618408203
row_extra_quote65_col3.csv,0.025916337966918945,0.0269625186920166,0.026421308517456055
row_more_sep_row24_col7.csv,0.028467893600463867,0.01671457290649414,0.016791105270385742
row_less_sep_row38_col2.csv,0.01954793930053711,0.019115686416625977,0.017280101776123047
row_less_sep_row59_col2.csv,0.01908278465270996,0.01820850372314453,0.018349647521972656
row_extra_quote20_col6.csv,0.025176048278808594,0.032444000244140625,0.018919944763183594
row_more_sep_row59_col0.csv,0.025113821029663086,0.024364233016967773,0.016315937042236328
row_more_sep_row7_col6.csv,0.01664447784423828,0.017142057418823242,0.015295982360839844
row_extra_quote30_col6.csv,0.014495849609375,0.013825416564941406,0.016102075576782227
row_extra_quote0_col4.csv,0.015778303146362305,0.013632059097290039,0.01381993293762207
row_extra_quote27_col8.csv,0.012883901596069336,0.012781143188476562,0.013518810272216797
row_more_sep_row49_col7.csv,0.016074180603027344,0.020299911499023438,0.028519868850708008
row_less_sep_row27_col8.csv,0.03494882583618164,0.03848981857299805,0.031820058822631836
row_more_sep_row82_col4.csv,0.0209505558013916,0.01549220085144043,0.017743825912475586
row_extra_quote62_col2.csv,0.013857126235961914,0.01269674301147461,0.013177871704101562
row_less_sep_row59_col7.csv,0.017718076705932617,0.01739645004272461,0.02022409439086914
row_extra_quote24_col5.csv,0.013535261154174805,0.012790441513061523,0.022925138473510742
row_extra_quote60_col8.csv,0.021533727645874023,0.01953864097595215,0.019446611404418945
row_extra_quote0_col8.csv,0.026421070098876953,0.017801761627197266,0.01626896858215332
row_more_sep_row56_col0.csv,0.01693272590637207,0.015187978744506836,0.015221834182739258
row_less_sep_row56_col8.csv,0.01728081703186035,0.018558979034423828,0.01835489273071289
row_less_sep_row16_col2.csv,0.017493247985839844,0.027275562286376953,0.032663583755493164
row_less_sep_row60_col1.csv,0.030076980590820312,0.02516770362854004,0.018231630325317383
row_extra_quote57_col4.csv,0.029001474380493164,0.03175210952758789,0.016459941864013672
row_extra_quote7_col4.csv,0.014010906219482422,0.019852399826049805,0.017662525177001953
row_more_sep_row80_col3.csv,0.01898479461669922,0.03130793571472168,0.029920101165771484
row_more_sep_row21_col2.csv,0.021679162979125977,0.015262842178344727,0.014843940734863281
row_more_sep_row72_col1.csv,0.014972209930419922,0.019005298614501953,0.02800774574279785
row_less_sep_row26_col6.csv,0.02116250991821289,0.02506422996520996,0.032216548919677734
row_less_sep_row53_col5.csv,0.022472143173217773,0.021128177642822266,0.018514394760131836
row_less_sep_row50_col7.csv,0.0173947811126709,0.017784833908081055,0.01718759536743164
row_extra_quote82_col1.csv,0.01279902458190918,0.013351678848266602,0.012295961380004883
row_less_sep_row17_col8.csv,0.016313552856445312,0.01737689971923828,0.016305923461914062
row_field_delimiter_37_0x20.csv,0.016116857528686523,0.019642114639282227,0.024053573608398438
row_more_sep_row20_col3.csv,0.02367377281188965,0.023621320724487305,0.022342205047607422
row_more_sep_row76_col0.csv,0.022985458374023438,0.015779972076416016,0.014717578887939453
row_extra_quote25_col6.csv,0.013170719146728516,0.013872385025024414,0.012698650360107422
row_less_sep_row13_col8.csv,0.01742696762084961,0.016637563705444336,0.01640176773071289
row_less_sep_row37_col5.csv,0.019953012466430664,0.03141498565673828,0.02072453498840332
row_field_delimiter_67_0x20.csv,0.015508651733398438,0.020111083984375,0.03278684616088867
row_field_delimiter_51_0x20.csv,0.03175091743469238,0.03255200386047363,0.03953146934509277
row_more_sep_row63_col6.csv,0.034628868103027344,0.031190872192382812,0.025232791900634766
row_less_sep_row46_col1.csv,0.02923750877380371,0.02552199363708496,0.025559186935424805
row_more_sep_row5_col0.csv,0.02341938018798828,0.024837017059326172,0.023412227630615234
row_less_sep_row51_col7.csv,0.017217397689819336,0.017090559005737305,0.016980409622192383
row_less_sep_row83_col4.csv,0.01786971092224121,0.016824007034301758,0.016956090927124023
row_extra_quote59_col8.csv,0.018056869506835938,0.012520074844360352,0.012421846389770508
row_more_sep_row70_col4.csv,0.01569509506225586,0.014929771423339844,0.014958620071411133
row_extra_quote15_col0.csv,0.013216018676757812,0.012655973434448242,0.012857437133789062
row_less_sep_row0_col3.csv,0.013233184814453125,0.013437747955322266,0.01262974739074707
row_less_sep_row78_col4.csv,0.022055625915527344,0.03369426727294922,0.042775869369506836
row_more_sep_row57_col4.csv,0.016854524612426758,0.015131235122680664,0.01568436622619629
row_more_sep_row2_col0.csv,0.016172409057617188,0.0159151554107666,0.015294790267944336
row_extra_quote39_col1.csv,0.013763904571533203,0.015922069549560547,0.01513051986694336
row_more_sep_row32_col4.csv,0.01573348045349121,0.017656803131103516,0.015936613082885742
row_more_sep_row11_col4.csv,0.015012741088867188,0.015562295913696289,0.01507115364074707
row_extra_quote12_col1.csv,0.013139009475708008,0.0229947566986084,0.020325899124145508
row_extra_quote28_col2.csv,0.018194198608398438,0.012977838516235352,0.01403355598449707
row_extra_quote9_col7.csv,0.013241291046142578,0.016600370407104492,0.013048171997070312
row_more_sep_row13_col5.csv,0.015429019927978516,0.015192270278930664,0.015239238739013672
row_extra_quote54_col7.csv,0.012869596481323242,0.012825250625610352,0.013378381729125977
row_extra_quote11_col7.csv,0.012976408004760742,0.013436555862426758,0.013177156448364258
row_extra_quote23_col6.csv,0.014675140380859375,0.017262697219848633,0.017633438110351562
row_less_sep_row20_col6.csv,0.027600526809692383,0.032875776290893555,0.024342060089111328
row_more_sep_row25_col0.csv,0.01714801788330078,0.01667618751525879,0.032453060150146484
row_more_sep_row59_col7.csv,0.016227245330810547,0.015353679656982422,0.015344381332397461
row_less_sep_row9_col1.csv,0.017400503158569336,0.016443252563476562,0.017453670501708984
row_field_delimiter_82_0x20.csv,0.015367984771728516,0.01717996597290039,0.0167236328125
row_more_sep_row65_col0.csv,0.016045093536376953,0.015675067901611328,0.019092321395874023
row_extra_quote14_col1.csv,0.013768196105957031,0.014369964599609375,0.013870000839233398
row_extra_quote36_col5.csv,0.018352746963500977,0.0213925838470459,0.019664287567138672
row_more_sep_row34_col4.csv,0.021451711654663086,0.028272151947021484,0.018997669219970703
row_extra_quote19_col6.csv,0.013488054275512695,0.013557195663452148,0.013350486755371094
row_extra_quote21_col5.csv,0.013004064559936523,0.013627767562866211,0.012784481048583984
row_less_sep_row70_col2.csv,0.01732468605041504,0.01742863655090332,0.016806364059448242
row_more_sep_row39_col4.csv,0.0157012939453125,0.020523548126220703,0.02452993392944336
row_less_sep_row0_col8.csv,0.018579721450805664,0.02238631248474121,0.022243976593017578
row_extra_quote65_col6.csv,0.021126270294189453,0.02145981788635254,0.01721668243408203
row_less_sep_row52_col6.csv,0.01958489418029785,0.01575326919555664,0.015483617782592773
row_less_sep_row36_col6.csv,0.015340328216552734,0.01549386978149414,0.015727758407592773
row_extra_quote8_col0.csv,0.013610601425170898,0.014111757278442383,0.01387643814086914
row_more_sep_row23_col2.csv,0.01562809944152832,0.015422582626342773,0.015598058700561523
row_extra_quote4_col4.csv,0.013542652130126953,0.013734579086303711,0.015113592147827148
row_extra_quote61_col4.csv,0.01284933090209961,0.025819778442382812,0.02188396453857422
row_more_sep_row43_col7.csv,0.024390459060668945,0.025188207626342773,0.026424169540405273
row_extra_quote7_col3.csv,0.022000551223754883,0.021691322326660156,0.017651081085205078
row_less_sep_row48_col3.csv,0.020940780639648438,0.03079676628112793,0.02660393714904785
row_more_sep_row69_col1.csv,0.024669408798217773,0.023832321166992188,0.0242159366607666
row_extra_quote76_col5.csv,0.019320249557495117,0.02156209945678711,0.021093368530273438
row_less_sep_row20_col8.csv,0.026714324951171875,0.03089594841003418,0.02637028694152832
row_more_sep_row45_col1.csv,0.024162769317626953,0.023855209350585938,0.026729345321655273
row_more_sep_row1_col2.csv,0.023836612701416016,0.024025678634643555,0.02570056915283203
row_more_sep_row35_col1.csv,0.024016618728637695,0.023691177368164062,0.02354741096496582
row_extra_quote20_col1.csv,0.02302837371826172,0.01785445213317871,0.022108078002929688
row_more_sep_row32_col7.csv,0.024405241012573242,0.023944854736328125,0.025176525115966797
row_less_sep_row77_col3.csv,0.027422189712524414,0.0260772705078125,0.026552677154541016
row_extra_quote67_col1.csv,0.02104949951171875,0.013714790344238281,0.016332149505615234
row_extra_quote24_col7.csv,0.012942314147949219,0.01384592056274414,0.012777090072631836
row_field_delimiter_27_0x20.csv,0.01542043685913086,0.015624523162841797,0.015611886978149414
row_less_sep_row11_col6.csv,0.014974594116210938,0.015317201614379883,0.015066385269165039
row_extra_quote59_col7.csv,0.01259613037109375,0.02141594886779785,0.03098607063293457
row_less_sep_row37_col2.csv,0.02986764907836914,0.0398564338684082,0.0397486686706543
row_extra_quote11_col8.csv,0.02615213394165039,0.03049325942993164,0.019880056381225586
row_extra_quote28_col6.csv,0.026355743408203125,0.034101009368896484,0.02458333969116211
row_extra_quote82_col6.csv,0.02518630027770996,0.01656818389892578,0.012547969818115234
row_extra_quote27_col5.csv,0.012794971466064453,0.012681722640991211,0.012744426727294922
row_less_sep_row6_col7.csv,0.01691746711730957,0.017846107482910156,0.017067670822143555
row_more_sep_row20_col4.csv,0.015244722366333008,0.01506662368774414,0.015337705612182617
row_less_sep_row17_col6.csv,0.017333269119262695,0.016772031784057617,0.016524314880371094
row_less_sep_row24_col7.csv,0.017066001892089844,0.016965150833129883,0.01717400550842285
row_less_sep_row77_col2.csv,0.018021345138549805,0.018012046813964844,0.018601417541503906
row_more_sep_row57_col5.csv,0.015287637710571289,0.014901876449584961,0.015011787414550781
row_extra_quote69_col5.csv,0.013155460357666016,0.012161493301391602,0.01650404930114746
row_more_sep_row79_col1.csv,0.024297714233398438,0.023909807205200195,0.025229692459106445
row_extra_quote53_col5.csv,0.021969079971313477,0.022038698196411133,0.017609119415283203
row_more_sep_row65_col6.csv,0.014789819717407227,0.015958547592163086,0.01595616340637207
row_more_sep_row22_col1.csv,0.0169832706451416,0.015131950378417969,0.01588726043701172
row_field_delimiter_76_0x20.csv,0.015452146530151367,0.015125751495361328,0.015061140060424805
row_more_sep_row4_col0.csv,0.01586174964904785,0.014928817749023438,0.014706134796142578
row_extra_quote5_col8.csv,0.014683246612548828,0.018775463104248047,0.013863801956176758
row_extra_quote8_col8.csv,0.013681888580322266,0.013716936111450195,0.017409801483154297
row_extra_quote69_col8.csv,0.03334474563598633,0.02492070198059082,0.02471446990966797
row_more_sep_row40_col2.csv,0.02622842788696289,0.019294023513793945,0.016676664352416992
row_less_sep_row25_col5.csv,0.017063379287719727,0.016855716705322266,0.016837358474731445
row_extra_quote17_col5.csv,0.013178348541259766,0.012884378433227539,0.013337850570678711
row_less_sep_row10_col3.csv,0.016775131225585938,0.016386032104492188,0.01631951332092285
row_less_sep_row44_col6.csv,0.015267372131347656,0.014860391616821289,0.014999628067016602
row_extra_quote44_col1.csv,0.012575864791870117,0.012336015701293945,0.012426614761352539
row_less_sep_row65_col5.csv,0.017079830169677734,0.017084121704101562,0.017277240753173828
row_extra_quote55_col1.csv,0.013090372085571289,0.012106657028198242,0.01239013671875
row_less_sep_row25_col1.csv,0.016997814178466797,0.01656794548034668,0.01691603660583496
row_less_sep_row9_col2.csv,0.016884803771972656,0.016562938690185547,0.01653456687927246
row_more_sep_row50_col1.csv,0.015102624893188477,0.015093803405761719,0.014761924743652344
row_more_sep_row66_col8.csv,0.014663219451904297,0.014947175979614258,0.01492452621459961
row_extra_quote25_col0.csv,0.012981414794921875,0.01253652572631836,0.012851238250732422
row_extra_quote2_col1.csv,0.01326298713684082,0.012919902801513672,0.012913942337036133
row_less_sep_row11_col8.csv,0.017074108123779297,0.016437768936157227,0.01728200912475586
row_more_sep_row54_col1.csv,0.015059709548950195,0.01484990119934082,0.01470637321472168
row_extra_quote82_col3.csv,0.012389183044433594,0.012548446655273438,0.012005090713500977
row_less_sep_row56_col3.csv,0.018510818481445312,0.01683521270751953,0.0163881778717041
row_more_sep_row48_col7.csv,0.015391111373901367,0.01506662368774414,0.015072345733642578
row_extra_quote49_col6.csv,0.012818098068237305,0.012272119522094727,0.012510061264038086
row_extra_quote44_col5.csv,0.012874126434326172,0.012488603591918945,0.012810945510864258
row_more_sep_row30_col7.csv,0.014964103698730469,0.014945745468139648,0.015110969543457031
row_more_sep_row15_col4.csv,0.01582503318786621,0.015208244323730469,0.015001296997070312
row_more_sep_row43_col5.csv,0.01731276512145996,0.015035152435302734,0.015135049819946289
row_less_sep_row73_col5.csv,0.016764402389526367,0.016455888748168945,0.017113924026489258
row_less_sep_row52_col7.csv,0.01723790168762207,0.017140865325927734,0.017266273498535156
row_less_sep_row54_col2.csv,0.01672983169555664,0.016544580459594727,0.016645431518554688
row_extra_quote21_col2.csv,0.013100147247314453,0.012827634811401367,0.015815258026123047
row_more_sep_row25_col3.csv,0.025664806365966797,0.015999794006347656,0.031010150909423828
row_less_sep_row19_col1.csv,0.035929203033447266,0.0241396427154541,0.01750779151916504
row_less_sep_row40_col4.csv,0.03060770034790039,0.017888545989990234,0.018756389617919922
row_less_sep_row2_col8.csv,0.019791364669799805,0.027788877487182617,0.037885189056396484
row_less_sep_row0_col6.csv,0.026346683502197266,0.023436546325683594,0.012920856475830078
row_more_sep_row39_col8.csv,0.015509843826293945,0.015876293182373047,0.015350103378295898
row_less_sep_row0_col4.csv,0.012780189514160156,0.012508869171142578,0.012750864028930664
row_less_sep_row5_col3.csv,0.020296096801757812,0.017137527465820312,0.01705455780029297
row_less_sep_row73_col8.csv,0.017569541931152344,0.024763822555541992,0.022780656814575195
row_more_sep_row31_col0.csv,0.016326904296875,0.015987157821655273,0.016245603561401367
row_more_sep_row10_col8.csv,0.01636815071105957,0.016672611236572266,0.015397071838378906
row_extra_quote40_col3.csv,0.013066530227661133,0.013386964797973633,0.013049840927124023
row_extra_quote8_col7.csv,0.013780832290649414,0.012976884841918945,0.013967037200927734
row_field_delimiter_83_0x20.csv,0.01555776596069336,0.015547990798950195,0.0160830020904541
row_more_sep_row35_col7.csv,0.021159648895263672,0.015810489654541016,0.01703667640686035
row_more_sep_row50_col8.csv,0.015954256057739258,0.017093896865844727,0.01894521713256836
row_more_sep_row8_col1.csv,0.01586127281188965,0.015596866607666016,0.01919269561767578
row_field_delimiter_47_0x20.csv,0.015668153762817383,0.016145944595336914,0.01752758026123047
row_more_sep_row5_col4.csv,0.015547513961791992,0.015379667282104492,0.015649080276489258
row_more_sep_row47_col7.csv,0.015037298202514648,0.01526188850402832,0.015676498413085938
row_more_sep_row83_col5.csv,0.015034675598144531,0.016689777374267578,0.016297340393066406
row_extra_quote6_col2.csv,0.01459360122680664,0.013196229934692383,0.01331949234008789
row_extra_quote12_col4.csv,0.013923168182373047,0.013574600219726562,0.013002872467041016
row_extra_quote12_col5.csv,0.013324737548828125,0.013229608535766602,0.013358831405639648
row_extra_quote82_col5.csv,0.012531757354736328,0.013514518737792969,0.012231588363647461
row_more_sep_row17_col1.csv,0.015146017074584961,0.015114068984985352,0.01511383056640625
row_extra_quote75_col5.csv,0.012176036834716797,0.013093948364257812,0.01270604133605957
row_less_sep_row8_col3.csv,0.016507625579833984,0.01703047752380371,0.016610383987426758
row_less_sep_row52_col2.csv,0.0178377628326416,0.01704549789428711,0.01708531379699707
row_extra_quote60_col1.csv,0.012957334518432617,0.012897253036499023,0.012397527694702148
row_more_sep_row22_col7.csv,0.015828609466552734,0.014826059341430664,0.015240669250488281
row_more_sep_row13_col4.csv,0.015517711639404297,0.016850948333740234,0.01571822166442871
row_more_sep_row2_col4.csv,0.016656875610351562,0.01744389533996582,0.015109062194824219
row_field_delimiter_30_0x20.csv,0.015910863876342773,0.015146255493164062,0.01576852798461914
row_more_sep_row5_col1.csv,0.015296220779418945,0.016154766082763672,0.01583695411682129
row_extra_quote7_col5.csv,0.013895273208618164,0.013779878616333008,0.013157367706298828
row_extra_quote46_col1.csv,0.013090372085571289,0.012824535369873047,0.013712406158447266
row_more_sep_row1_col4.csv,0.015847206115722656,0.015408039093017578,0.022551536560058594
row_more_sep_row16_col8.csv,0.020040035247802734,0.02041769027709961,0.016442060470581055
row_less_sep_row49_col3.csv,0.016666889190673828,0.017670392990112305,0.016510963439941406
row_less_sep_row76_col7.csv,0.017324447631835938,0.017291545867919922,0.017540931701660156
row_field_delimiter_60_0x20.csv,0.01697993278503418,0.017421960830688477,0.016532421112060547
row_more_sep_row73_col0.csv,0.01556849479675293,0.024376869201660156,0.020554304122924805
row_more_sep_row81_col1.csv,0.016051530838012695,0.01568460464477539,0.016691207885742188
row_more_sep_row25_col7.csv,0.016552209854125977,0.015162467956542969,0.015491008758544922
row_less_sep_row75_col4.csv,0.017905712127685547,0.02189779281616211,0.036939144134521484
row_extra_quote26_col3.csv,0.026496171951293945,0.0284271240234375,0.028298139572143555
row_extra_quote2_col5.csv,0.030843019485473633,0.018106698989868164,0.018183231353759766
row_less_sep_row62_col1.csv,0.021419286727905273,0.02071356773376465,0.03219747543334961
row_less_sep_row30_col5.csv,0.03805971145629883,0.037184953689575195,0.024437665939331055
row_extra_quote62_col6.csv,0.012519598007202148,0.012282609939575195,0.012703657150268555
row_more_sep_row41_col3.csv,0.01474761962890625,0.01483917236328125,0.014997005462646484
row_more_sep_row50_col4.csv,0.015012979507446289,0.01535940170288086,0.014868021011352539
row_more_sep_row3_col3.csv,0.014875173568725586,0.014824867248535156,0.014621496200561523
row_less_sep_row77_col5.csv,0.017223596572875977,0.016993045806884766,0.017309904098510742
row_more_sep_row11_col0.csv,0.015144109725952148,0.01495981216430664,0.01472926139831543
row_field_delimiter_43_0x20.csv,0.015810012817382812,0.015496969223022461,0.015638113021850586
row_field_delimiter_15_0x20.csv,0.015872478485107422,0.015868663787841797,0.015356779098510742
row_less_sep_row53_col8.csv,0.01655292510986328,0.01703643798828125,0.01635003089904785
row_extra_quote31_col0.csv,0.013053417205810547,0.01253056526184082,0.012614250183105469
row_more_sep_row20_col8.csv,0.015275955200195312,0.01510310173034668,0.015705347061157227
row_extra_quote81_col6.csv,0.01251673698425293,0.012098073959350586,0.011779069900512695
row_more_sep_row70_col6.csv,0.014960050582885742,0.015189886093139648,0.015101194381713867
row_more_sep_row68_col7.csv,0.015173912048339844,0.015032291412353516,0.01574397087097168
row_more_sep_row30_col0.csv,0.015155553817749023,0.015702009201049805,0.014853239059448242
row_less_sep_row73_col1.csv,0.016695261001586914,0.01622939109802246,0.016510725021362305
row_less_sep_row1_col7.csv,0.017258167266845703,0.01692485809326172,0.01734137535095215
row_more_sep_row69_col3.csv,0.015582561492919922,0.014922857284545898,0.015038490295410156
row_extra_quote20_col4.csv,0.013468265533447266,0.01812291145324707,0.018677949905395508
row_less_sep_row81_col5.csv,0.016259431838989258,0.016406774520874023,0.016388416290283203
row_extra_quote65_col2.csv,0.012587547302246094,0.012241601943969727,0.01222681999206543
row_extra_quote76_col3.csv,0.012223482131958008,0.012119531631469727,0.011995315551757812
row_extra_quote45_col5.csv,0.012562990188598633,0.012386560440063477,0.01241302490234375
row_less_sep_row67_col6.csv,0.014869928359985352,0.014756917953491211,0.015004634857177734
row_less_sep_row6_col3.csv,0.01694512367248535,0.016920089721679688,0.016941070556640625
row_more_sep_row3_col6.csv,0.015014171600341797,0.014853477478027344,0.01510763168334961
row_less_sep_row82_col5.csv,0.016812801361083984,0.016845703125,0.016732454299926758
row_more_sep_row9_col3.csv,0.015060663223266602,0.014810562133789062,0.015137910842895508
row_extra_quote20_col2.csv,0.013613700866699219,0.012856245040893555,0.012714862823486328
row_less_sep_row66_col5.csv,0.01708698272705078,0.017415761947631836,0.017195940017700195
row_extra_quote53_col8.csv,0.012697458267211914,0.012560129165649414,0.012312650680541992
row_extra_quote57_col8.csv,0.01267242431640625,0.01239919662475586,0.012464284896850586
row_extra_quote80_col3.csv,0.012537479400634766,0.01215052604675293,0.012557506561279297
row_extra_quote57_col2.csv,0.012445688247680664,0.012486934661865234,0.012417316436767578
row_more_sep_row33_col6.csv,0.015243768692016602,0.01473093032836914,0.015081644058227539
row_less_sep_row29_col5.csv,0.01781916618347168,0.017020702362060547,0.01699972152709961
row_less_sep_row21_col5.csv,0.0221102237701416,0.021849393844604492,0.020076274871826172
row_more_sep_row33_col8.csv,0.015166997909545898,0.01787281036376953,0.031591176986694336
row_extra_quote66_col4.csv,0.025074005126953125,0.023955583572387695,0.034208059310913086
row_less_sep_row18_col6.csv,0.021259069442749023,0.02908945083618164,0.02522754669189453
row_more_sep_row77_col1.csv,0.023624658584594727,0.02351832389831543,0.024775028228759766
row_less_sep_row7_col2.csv,0.0181732177734375,0.017081022262573242,0.017885208129882812
row_extra_quote24_col6.csv,0.013125419616699219,0.01295614242553711,0.013080120086669922
row_extra_quote19_col1.csv,0.013672113418579102,0.014161825180053711,0.014155864715576172
row_more_sep_row22_col3.csv,0.016019821166992188,0.015343904495239258,0.016027212142944336
row_more_sep_row30_col1.csv,0.015912532806396484,0.01597905158996582,0.017169952392578125
row_extra_quote66_col1.csv,0.013280391693115234,0.012341499328613281,0.012724876403808594
row_less_sep_row15_col8.csv,0.017957687377929688,0.018409252166748047,0.02255868911743164
row_extra_quote16_col2.csv,0.013523340225219727,0.014859676361083984,0.013714790344238281
row_less_sep_row36_col7.csv,0.0174102783203125,0.02700948715209961,0.0174100399017334
row_extra_quote61_col8.csv,0.012869834899902344,0.012202739715576172,0.0184934139251709
row_less_sep_row7_col1.csv,0.028078556060791016,0.03220820426940918,0.01791214942932129
row_more_sep_row16_col1.csv,0.018272876739501953,0.016827821731567383,0.01765751838684082
row_less_sep_row41_col2.csv,0.01842522621154785,0.01885366439819336,0.018602609634399414
row_more_sep_row69_col2.csv,0.016429662704467773,0.01873326301574707,0.01899886131286621
row_extra_quote56_col0.csv,0.015109539031982422,0.012694358825683594,0.014104843139648438
row_less_sep_row66_col8.csv,0.020973682403564453,0.022960901260375977,0.018258333206176758
row_less_sep_row27_col1.csv,0.01751232147216797,0.017583847045898438,0.017675399780273438
row_less_sep_row2_col4.csv,0.017739295959472656,0.01844501495361328,0.017668724060058594
row_extra_quote77_col5.csv,0.012588739395141602,0.012377023696899414,0.012782096862792969
row_extra_quote42_col1.csv,0.012921571731567383,0.014869928359985352,0.013707160949707031
row_more_sep_row15_col2.csv,0.015426397323608398,0.014951705932617188,0.01713275909423828
row_less_sep_row75_col8.csv,0.018658876419067383,0.020074844360351562,0.0184173583984375
row_more_sep_row36_col1.csv,0.015115499496459961,0.015622615814208984,0.014887571334838867
row_more_sep_row36_col0.csv,0.015135765075683594,0.015403270721435547,0.014941692352294922
row_extra_quote57_col5.csv,0.012562990188598633,0.012350082397460938,0.012834787368774414
row_more_sep_row34_col5.csv,0.014985799789428711,0.014995336532592773,0.015938282012939453
row_more_sep_row25_col5.csv,0.015333414077758789,0.014983177185058594,0.015950441360473633
row_less_sep_row77_col4.csv,0.01717972755432129,0.017579078674316406,0.01736927032470703
row_more_sep_row36_col6.csv,0.015157222747802734,0.01511526107788086,0.014914989471435547
row_less_sep_row0_col2.csv,0.012531757354736328,0.012300252914428711,0.013301849365234375
row_field_delimiter_74_0x20.csv,0.015121221542358398,0.015339136123657227,0.015447139739990234
row_less_sep_row10_col6.csv,0.0166473388671875,0.016475915908813477,0.01970362663269043
row_extra_quote23_col7.csv,0.013205766677856445,0.012805938720703125,0.012647390365600586
row_less_sep_row12_col6.csv,0.017433643341064453,0.040935516357421875,0.07184457778930664
row_more_sep_row55_col5.csv,0.03830456733703613,0.015847206115722656,0.02691173553466797
row_more_sep_row74_col8.csv,0.016242027282714844,0.016760826110839844,0.018146991729736328
row_extra_quote27_col3.csv,0.014019966125488281,0.013878107070922852,0.014340639114379883
row_less_sep_row42_col3.csv,0.017895221710205078,0.017277956008911133,0.017907142639160156
row_extra_quote3_col7.csv,0.01450967788696289,0.014684200286865234,0.013214588165283203
row_more_sep_row35_col8.csv,0.015179872512817383,0.018137693405151367,0.015036582946777344
row_extra_quote72_col3.csv,0.02413797378540039,0.021279335021972656,0.021651029586791992
row_more_sep_row77_col7.csv,0.01622176170349121,0.015918970108032227,0.01679229736328125
row_extra_quote35_col5.csv,0.012814521789550781,0.015302896499633789,0.015138864517211914
row_more_sep_row7_col1.csv,0.014873504638671875,0.015940427780151367,0.01711273193359375
row_more_sep_row37_col8.csv,0.020035266876220703,0.01728963851928711,0.015089988708496094
row_extra_quote25_col8.csv,0.013018369674682617,0.01326131820678711,0.014453649520874023
row_extra_quote69_col1.csv,0.013201236724853516,0.013245820999145508,0.01256561279296875
row_more_sep_row59_col4.csv,0.016388893127441406,0.017916202545166016,0.015416622161865234
row_extra_quote40_col8.csv,0.013431072235107422,0.015350103378295898,0.014728307723999023
row_less_sep_row27_col3.csv,0.018201112747192383,0.017767667770385742,0.01695561408996582
row_more_sep_row35_col6.csv,0.015592575073242188,0.015188217163085938,0.01510763168334961
row_less_sep_row46_col2.csv,0.019892215728759766,0.017098188400268555,0.01638174057006836
row_less_sep_row10_col4.csv,0.019149303436279297,0.016262531280517578,0.0176546573638916
row_less_sep_row24_col8.csv,0.018455982208251953,0.01813054084777832,0.01787424087524414
row_less_sep_row64_col7.csv,0.016550302505493164,0.017243146896362305,0.01704549789428711
row_less_sep_row37_col4.csv,0.017021894454956055,0.017751693725585938,0.016307592391967773
row_more_sep_row47_col4.csv,0.0162966251373291,0.018325090408325195,0.015278816223144531
row_more_sep_row68_col4.csv,0.015665769577026367,0.01564502716064453,0.015635251998901367
row_extra_quote16_col7.csv,0.022137165069580078,0.0177457332611084,0.022065401077270508
row_field_delimiter_18_0x20.csv,0.020898103713989258,0.029491662979125977,0.020409345626831055
row_less_sep_row23_col5.csv,0.017528057098388672,0.018223047256469727,0.01735854148864746
row_less_sep_row74_col6.csv,0.0267331600189209,0.021627426147460938,0.02094864845275879
row_less_sep_row70_col8.csv,0.01728963851928711,0.02679586410522461,0.025722026824951172
row_less_sep_row27_col2.csv,0.024013280868530273,0.018125295639038086,0.027878522872924805
row_more_sep_row50_col0.csv,0.03818106651306152,0.03289508819580078,0.03562784194946289
row_less_sep_row64_col2.csv,0.022268056869506836,0.01824498176574707,0.036406755447387695
row_extra_quote81_col1.csv,0.03248143196105957,0.035936594009399414,0.016607284545898438
file_preamble.csv,0.020882606506347656,0.016835927963256836,0.012192726135253906
row_extra_quote81_col8.csv,0.017874956130981445,0.01224207878112793,0.013945341110229492
file_record_delimiter_0xA.csv,0.011792898178100586,0.011832714080810547,0.011792182922363281
row_less_sep_row33_col8.csv,0.017003297805786133,0.016585826873779297,0.016957759857177734
row_more_sep_row47_col1.csv,0.014975547790527344,0.01493382453918457,0.014768362045288086
row_extra_quote76_col7.csv,0.01229238510131836,0.012164592742919922,0.012321949005126953
row_more_sep_row3_col7.csv,0.014817953109741211,0.015112638473510742,0.014856338500976562
row_extra_quote42_col3.csv,0.013209104537963867,0.012415885925292969,0.013053655624389648
row_extra_quote47_col6.csv,0.0147247314453125,0.01224660873413086,0.012686729431152344
row_extra_quote22_col0.csv,0.013476371765136719,0.012837886810302734,0.012791156768798828
row_less_sep_row48_col6.csv,0.01485300064086914,0.014737844467163086,0.01502084732055664
row_more_sep_row27_col0.csv,0.015296459197998047,0.015176534652709961,0.015374898910522461
row_less_sep_row13_col7.csv,0.016524553298950195,0.016214847564697266,0.016353130340576172
row_more_sep_row53_col3.csv,0.014942646026611328,0.014617681503295898,0.015015363693237305
row_extra_quote3_col6.csv,0.013296127319335938,0.012650012969970703,0.01286172866821289
row_extra_quote65_col5.csv,0.012186050415039062,0.011943578720092773,0.012041568756103516
row_less_sep_row62_col2.csv,0.01669168472290039,0.01656484603881836,0.016277313232421875
row_extra_quote1_col1.csv,0.013160467147827148,0.012920379638671875,0.013476848602294922
row_more_sep_row52_col8.csv,0.014893054962158203,0.01488947868347168,0.014941930770874023
row_less_sep_row14_col2.csv,0.01615452766418457,0.016221046447753906,0.016674280166625977
row_extra_quote48_col4.csv,0.012835502624511719,0.012561798095703125,0.01300358772277832
row_more_sep_row77_col6.csv,0.015277862548828125,0.015453100204467773,0.01488947868347168
row_less_sep_row80_col7.csv,0.01618790626525879,0.015876293182373047,0.0164639949798584
row_extra_quote45_col8.csv,0.01378941535949707,0.012520551681518555,0.012264013290405273
row_extra_quote78_col4.csv,0.012000560760498047,0.011879682540893555,0.013113021850585938
row_less_sep_row40_col3.csv,0.016771793365478516,0.01653432846069336,0.017382383346557617
row_extra_quote50_col4.csv,0.012603759765625,0.012575864791870117,0.012360572814941406
row_less_sep_row2_col3.csv,0.017101764678955078,0.024198055267333984,0.0175931453704834
row_more_sep_row19_col4.csv,0.015087366104125977,0.014651775360107422,0.014762639999389648
row_more_sep_row42_col1.csv,0.014737606048583984,0.019135236740112305,0.016730546951293945
row_more_sep_row42_col3.csv,0.015095710754394531,0.014909744262695312,0.015084505081176758
row_more_sep_row83_col8.csv,0.015393733978271484,0.01488494873046875,0.014955282211303711
row_more_sep_row8_col2.csv,0.01495814323425293,0.014816761016845703,0.015146732330322266
file_quotation_char_0x27.csv,0.06076931953430176,0.054555654525756836,0.05504322052001953
row_more_sep_row12_col2.csv,0.015141725540161133,0.014786481857299805,0.014639139175415039
row_extra_quote76_col0.csv,0.012596845626831055,0.012054204940795898,0.01239323616027832
row_more_sep_row55_col0.csv,0.01491689682006836,0.014930009841918945,0.015006542205810547
row_more_sep_row28_col0.csv,0.015286445617675781,0.01504206657409668,0.01510000228881836
row_extra_quote34_col5.csv,0.012826919555664062,0.012733697891235352,0.01265573501586914
row_less_sep_row1_col5.csv,0.016892194747924805,0.017084836959838867,0.019993305206298828
row_more_sep_row5_col6.csv,0.01609969139099121,0.015152215957641602,0.014853477478027344
row_more_sep_row59_col6.csv,0.01515340805053711,0.01501607894897461,0.016939163208007812
file_header_multirow_3.csv,0.013751029968261719,0.012352943420410156,0.012270450592041016
row_extra_quote51_col1.csv,0.01284027099609375,0.012987613677978516,0.012932777404785156
row_less_sep_row32_col2.csv,0.01792454719543457,0.016129255294799805,0.016112804412841797
row_more_sep_row29_col0.csv,0.015101909637451172,0.015008211135864258,0.014793872833251953
row_extra_quote30_col8.csv,0.01296687126159668,0.012978553771972656,0.013153553009033203
row_more_sep_row48_col4.csv,0.014876604080200195,0.015327930450439453,0.015149831771850586
row_more_sep_row47_col3.csv,0.015175819396972656,0.015485048294067383,0.016953229904174805
row_more_sep_row7_col0.csv,0.01540064811706543,0.015135765075683594,0.014917135238647461
row_more_sep_row27_col6.csv,0.014913320541381836,0.014716863632202148,0.014996767044067383
row_extra_quote12_col3.csv,0.013203620910644531,0.012884140014648438,0.012903928756713867
row_more_sep_row73_col7.csv,0.014994621276855469,0.014892578125,0.01476287841796875
row_extra_quote68_col7.csv,0.013233423233032227,0.012253284454345703,0.01298666000366211
row_more_sep_row8_col6.csv,0.014759540557861328,0.01482534408569336,0.015514135360717773
row_extra_quote61_col5.csv,0.012495994567871094,0.0120697021484375,0.012629985809326172
row_less_sep_row12_col3.csv,0.016520261764526367,0.016700267791748047,0.01641225814819336
row_extra_quote72_col4.csv,0.012272119522094727,0.012221336364746094,0.012021780014038086
row_extra_quote73_col8.csv,0.012356042861938477,0.013121604919433594,0.011931180953979492
row_extra_quote72_col7.csv,0.012296915054321289,0.013676643371582031,0.012166023254394531
row_extra_quote0_col3.csv,0.012990474700927734,0.013065576553344727,0.014936685562133789
row_extra_quote50_col2.csv,0.01280975341796875,0.012476921081542969,0.012541532516479492
row_more_sep_row82_col0.csv,0.014679193496704102,0.01471567153930664,0.014528751373291016
row_less_sep_row18_col2.csv,0.016155719757080078,0.016370296478271484,0.016244173049926758
row_extra_quote28_col3.csv,0.01409602165222168,0.013271093368530273,0.014471769332885742
row_less_sep_row18_col4.csv,0.016701698303222656,0.016448020935058594,0.016890525817871094
row_extra_quote58_col7.csv,0.012666940689086914,0.012277841567993164,0.012384653091430664
row_extra_quote11_col2.csv,0.012996196746826172,0.013038396835327148,0.01262807846069336
row_more_sep_row54_col4.csv,0.014693260192871094,0.014925003051757812,0.014683008193969727
row_more_sep_row29_col8.csv,0.014741897583007812,0.015370368957519531,0.014930963516235352
row_more_sep_row65_col2.csv,0.01574087142944336,0.01569843292236328,0.015052556991577148
row_extra_quote34_col1.csv,0.015160799026489258,0.012930631637573242,0.012926816940307617
row_less_sep_row79_col3.csv,0.017041683197021484,0.01646900177001953,0.017024517059326172
row_less_sep_row15_col7.csv,0.017156124114990234,0.01669001579284668,0.016555309295654297
row_extra_quote76_col1.csv,0.012767791748046875,0.012278079986572266,0.012269020080566406
row_less_sep_row24_col1.csv,0.01738119125366211,0.016993284225463867,0.017635822296142578
row_extra_quote49_col7.csv,0.012716054916381836,0.012375116348266602,0.012366771697998047
row_less_sep_row79_col5.csv,0.016621828079223633,0.016861915588378906,0.016686677932739258
row_more_sep_row46_col8.csv,0.015566110610961914,0.014815092086791992,0.014881134033203125
row_more_sep_row45_col0.csv,0.015019655227661133,0.015345096588134766,0.015156030654907227
row_less_sep_row80_col1.csv,0.016471147537231445,0.016399621963500977,0.016985654830932617
row_more_sep_row44_col6.csv,0.015079975128173828,0.015012979507446289,0.015256404876708984
row_more_sep_row49_col2.csv,0.01573014259338379,0.01508331298828125,0.01578807830810547
row_more_sep_row48_col5.csv,0.01600360870361328,0.01688218116760254,0.015355348587036133
row_less_sep_row59_col8.csv,0.01704096794128418,0.01772165298461914,0.018043994903564453
row_extra_quote55_col4.csv,0.015425443649291992,0.013072490692138672,0.012599468231201172
row_less_sep_row80_col5.csv,0.018815279006958008,0.019259929656982422,0.019184350967407227
row_less_sep_row17_col1.csv,0.01659393310546875,0.016575098037719727,0.0169064998626709
row_less_sep_row4_col2.csv,0.01815009117126465,0.017490863800048828,0.01772618293762207
row_less_sep_row56_col7.csv,0.017194747924804688,0.016686677932739258,0.016496658325195312
row_more_sep_row42_col2.csv,0.01627802848815918,0.01594686508178711,0.01496124267578125
row_more_sep_row26_col6.csv,0.016837358474731445,0.015402078628540039,0.015151023864746094
row_less_sep_row67_col8.csv,0.01745891571044922,0.016605377197265625,0.016515493392944336
row_more_sep_row23_col4.csv,0.01507711410522461,0.015375137329101562,0.015024662017822266
row_extra_quote37_col4.csv,0.013323783874511719,0.013062238693237305,0.01288604736328125
row_extra_quote4_col2.csv,0.013208627700805664,0.01381063461303711,0.013292312622070312
row_extra_quote43_col1.csv,0.012679100036621094,0.012865543365478516,0.012952566146850586
row_extra_quote44_col4.csv,0.013252019882202148,0.012814044952392578,0.013070106506347656
row_more_sep_row0_col7.csv,0.01251077651977539,0.01239013671875,0.01220393180847168
row_extra_quote29_col2.csv,0.01319575309753418,0.013341665267944336,0.013020992279052734
row_more_sep_row34_col1.csv,0.015679359436035156,0.015630006790161133,0.015836715698242188
row_more_sep_row74_col3.csv,0.016270875930786133,0.015822410583496094,0.01588273048400879
row_extra_quote41_col5.csv,0.013378620147705078,0.013232231140136719,0.013265848159790039
row_less_sep_row74_col3.csv,0.017966270446777344,0.017498493194580078,0.01724076271057129
row_less_sep_row51_col6.csv,0.02225470542907715,0.02063608169555664,0.020287752151489258
row_less_sep_row79_col1.csv,0.016655683517456055,0.017130136489868164,0.01740741729736328
row_less_sep_row30_col3.csv,0.016662120819091797,0.019214153289794922,0.024883031845092773
row_more_sep_row40_col4.csv,0.02428436279296875,0.02480006217956543,0.023963451385498047
row_less_sep_row57_col1.csv,0.025829792022705078,0.026250600814819336,0.026112079620361328
row_more_sep_row22_col5.csv,0.015627384185791016,0.016124725341796875,0.015396833419799805
row_more_sep_row71_col7.csv,0.015807390213012695,0.01739645004272461,0.01466822624206543
row_extra_quote70_col6.csv,0.012163400650024414,0.012613773345947266,0.012056112289428711
row_less_sep_row72_col3.csv,0.01672673225402832,0.01645517349243164,0.016806602478027344
row_less_sep_row20_col4.csv,0.01692032814025879,0.016930341720581055,0.017142772674560547
row_field_delimiter_36_0x20.csv,0.01558685302734375,0.01554727554321289,0.015370845794677734
row_extra_quote36_col4.csv,0.012956857681274414,0.01267695426940918,0.012423515319824219
row_extra_quote36_col6.csv,0.012475967407226562,0.01248025894165039,0.012491226196289062
row_more_sep_row24_col4.csv,0.015594244003295898,0.014873266220092773,0.014994144439697266
row_less_sep_row11_col1.csv,0.01738452911376953,0.01663041114807129,0.017009735107421875
row_extra_quote15_col5.csv,0.013428688049316406,0.012911796569824219,0.01322793960571289
row_more_sep_row62_col7.csv,0.015509366989135742,0.015259742736816406,0.01607513427734375
row_more_sep_row81_col3.csv,0.015596628189086914,0.015346288681030273,0.015619277954101562
row_more_sep_row72_col0.csv,0.016007661819458008,0.015371561050415039,0.015335321426391602
row_extra_quote41_col0.csv,0.015117406845092773,0.012594461441040039,0.012833595275878906
row_less_sep_row52_col3.csv,0.017469406127929688,0.017562150955200195,0.01784205436706543
row_less_sep_row75_col3.csv,0.01988530158996582,0.018163681030273438,0.018166542053222656
row_extra_quote58_col2.csv,0.026690959930419922,0.027717113494873047,0.01479339599609375
row_extra_quote59_col4.csv,0.021644115447998047,0.013175725936889648,0.01292729377746582
row_more_sep_row8_col5.csv,0.016942501068115234,0.015516996383666992,0.01628589630126953
row_less_sep_row18_col3.csv,0.01951885223388672,0.017273426055908203,0.018093347549438477
row_more_sep_row51_col0.csv,0.018039941787719727,0.015844345092773438,0.02015542984008789
row_more_sep_row31_col1.csv,0.01714777946472168,0.016119956970214844,0.019639968872070312
row_more_sep_row44_col8.csv,0.0157315731048584,0.015307426452636719,0.015308380126953125
row_extra_quote54_col2.csv,0.02508068084716797,0.02624988555908203,0.025826215744018555
row_less_sep_row65_col1.csv,0.035428762435913086,0.02248382568359375,0.019992828369140625
row_more_sep_row54_col6.csv,0.01648855209350586,0.015190839767456055,0.015529155731201172
row_extra_quote51_col8.csv,0.013617753982543945,0.01349639892578125,0.01363062858581543
row_extra_quote6_col8.csv,0.013470172882080078,0.016699552536010742,0.01315164566040039
row_less_sep_row56_col1.csv,0.016864299774169922,0.016595840454101562,0.017168045043945312
row_more_sep_row63_col2.csv,0.015389680862426758,0.015769004821777344,0.014805793762207031
row_more_sep_row4_col1.csv,0.015056371688842773,0.015057086944580078,0.015595436096191406
row_more_sep_row36_col4.csv,0.015294551849365234,0.01589345932006836,0.01496124267578125
row_field_delimiter_46_0x20.csv,0.015730857849121094,0.015508651733398438,0.015680551528930664
row_extra_quote4_col3.csv,0.016770362854003906,0.012990236282348633,0.0131072998046875
row_extra_quote63_col7.csv,0.012773990631103516,0.012176990509033203,0.012837886810302734
row_less_sep_row58_col1.csv,0.0167691707611084,0.016582250595092773,0.016280651092529297
row_extra_quote60_col4.csv,0.012804269790649414,0.012234926223754883,0.012134313583374023
row_less_sep_row40_col1.csv,0.01637434959411621,0.01672053337097168,0.01680159568786621
row_extra_quote37_col8.csv,0.015031099319458008,0.014733076095581055,0.014239788055419922
row_extra_quote11_col4.csv,0.013165950775146484,0.013252496719360352,0.014173269271850586
row_more_sep_row41_col6.csv,0.016111135482788086,0.018202543258666992,0.01584649085998535
row_less_sep_row26_col5.csv,0.01710796356201172,0.016701936721801758,0.019655466079711914
row_more_sep_row65_col3.csv,0.015011310577392578,0.014739990234375,0.015244007110595703
row_less_sep_row9_col3.csv,0.017110109329223633,0.017586708068847656,0.017813682556152344
row_more_sep_row34_col7.csv,0.03811979293823242,0.016283512115478516,0.019989013671875
row_more_sep_row69_col5.csv,0.016097545623779297,0.02958202362060547,0.023370742797851562
row_more_sep_row16_col3.csv,0.01516270637512207,0.015177488327026367,0.016129493713378906
row_extra_quote43_col3.csv,0.014138460159301758,0.012746810913085938,0.013248682022094727
row_extra_quote64_col3.csv,0.012338399887084961,0.012202262878417969,0.01262044906616211
row_field_delimiter_17_0x20.csv,0.017576217651367188,0.015688657760620117,0.015482902526855469
row_more_sep_row76_col4.csv,0.015692472457885742,0.014877796173095703,0.014876365661621094
row_more_sep_row78_col7.csv,0.02301192283630371,0.024713754653930664,0.02062392234802246
row_extra_quote63_col4.csv,0.016930818557739258,0.015059232711791992,0.01297760009765625
row_less_sep_row39_col5.csv,0.019710779190063477,0.019176721572875977,0.02064037322998047
row_less_sep_row58_col8.csv,0.01717376708984375,0.017469406127929688,0.01665210723876953
row_extra_quote76_col4.csv,0.01261591911315918,0.012363195419311523,0.012014627456665039
row_more_sep_row18_col2.csv,0.014965534210205078,0.015345335006713867,0.015813827514648438
row_extra_quote74_col1.csv,0.012636423110961914,0.013361930847167969,0.012526988983154297
row_more_sep_row80_col5.csv,0.01804351806640625,0.015055656433105469,0.016705036163330078
row_more_sep_row54_col0.csv,0.015099525451660156,0.014867067337036133,0.015037059783935547
row_less_sep_row55_col8.csv,0.01656484603881836,0.019047975540161133,0.016737937927246094
row_more_sep_row29_col4.csv,0.017378568649291992,0.017430543899536133,0.015236854553222656
file_field_delimiter_0x20.csv,0.012804746627807617,0.012414693832397461,0.01273798942565918
row_extra_quote36_col2.csv,0.01304936408996582,0.012777328491210938,0.01330256462097168
row_less_sep_row57_col8.csv,0.016869306564331055,0.017653942108154297,0.019464492797851562
row_less_sep_row22_col7.csv,0.030941486358642578,0.020353078842163086,0.019350290298461914
row_more_sep_row68_col2.csv,0.032120466232299805,0.028446197509765625,0.01824641227722168
row_more_sep_row25_col2.csv,0.015737533569335938,0.017444610595703125,0.015423059463500977
row_more_sep_row41_col1.csv,0.015532732009887695,0.015447616577148438,0.016527414321899414
row_more_sep_row39_col6.csv,0.01553487777709961,0.015403270721435547,0.015442371368408203
row_more_sep_row55_col7.csv,0.015265703201293945,0.015378952026367188,0.015628576278686523
row_less_sep_row14_col6.csv,0.016506671905517578,0.017801761627197266,0.01640796661376953
row_extra_quote8_col4.csv,0.015056371688842773,0.020501375198364258,0.013152360916137695
row_extra_quote71_col7.csv,0.014386892318725586,0.012676715850830078,0.012434244155883789
row_more_sep_row42_col0.csv,0.015069961547851562,0.015061378479003906,0.0167849063873291
row_more_sep_row19_col2.csv,0.015180587768554688,0.015306472778320312,0.014972209930419922
row_more_sep_row75_col4.csv,0.015211105346679688,0.015004396438598633,0.015807151794433594
row_field_delimiter_59_0x20.csv,0.015262126922607422,0.01498723030090332,0.016347169876098633
row_extra_quote73_col3.csv,0.012291193008422852,0.011946916580200195,0.011996984481811523
row_less_sep_row43_col8.csv,0.016663551330566406,0.017087936401367188,0.019294261932373047
row_field_delimiter_31_0x20.csv,0.015466928482055664,0.015111923217773438,0.01478886604309082
row_less_sep_row62_col6.csv,0.0163724422454834,0.016306638717651367,0.03156423568725586
row_more_sep_row17_col8.csv,0.014828681945800781,0.015152692794799805,0.014401674270629883
row_extra_quote79_col0.csv,0.012359619140625,0.011723518371582031,0.012655258178710938
row_less_sep_row13_col3.csv,0.016395092010498047,0.016033411026000977,0.016731977462768555
row_field_delimiter_49_0x20.csv,0.015495538711547852,0.014841318130493164,0.01601696014404297
row_less_sep_row21_col3.csv,0.016507387161254883,0.015979528427124023,0.01622319221496582
row_more_sep_row63_col1.csv,0.015085458755493164,0.01479339599609375,0.015160322189331055
row_extra_quote4_col8.csv,0.014224529266357422,0.01335287094116211,0.013317346572875977
row_more_sep_row12_col6.csv,0.014717340469360352,0.01476287841796875,0.015331506729125977
row_field_delimiter_73_0x20.csv,0.016715288162231445,0.014875173568725586,0.01656961441040039
row_more_sep_row81_col7.csv,0.015274763107299805,0.01467442512512207,0.015454769134521484
row_more_sep_row56_col7.csv,0.016791582107543945,0.015993356704711914,0.01516413688659668
row_more_sep_row58_col2.csv,0.014704227447509766,0.047814130783081055,0.030353546142578125
row_extra_quote17_col1.csv,0.019928455352783203,0.012684106826782227,0.01318669319152832
row_more_sep_row33_col5.csv,0.015017032623291016,0.015053987503051758,0.01496434211730957
row_less_sep_row42_col1.csv,0.016565322875976562,0.016570329666137695,0.01654648780822754
row_more_sep_row26_col5.csv,0.015183687210083008,0.01503610610961914,0.014893054962158203
row_more_sep_row42_col6.csv,0.01506352424621582,0.014893770217895508,0.014903545379638672
row_more_sep_row33_col2.csv,0.0159912109375,0.014849185943603516,0.015292644500732422
row_more_sep_row73_col1.csv,0.015872955322265625,0.01571059226989746,0.015722990036010742
row_more_sep_row80_col4.csv,0.015117883682250977,0.015832185745239258,0.015852928161621094
row_extra_quote49_col1.csv,0.013434648513793945,0.012320995330810547,0.013059139251708984
row_more_sep_row38_col1.csv,0.01499032974243164,0.014973640441894531,0.01516866683959961
row_extra_quote73_col0.csv,0.01546478271484375,0.014509916305541992,0.012372732162475586
row_extra_quote63_col1.csv,0.012799263000488281,0.01245570182800293,0.012387514114379883
row_field_delimiter_24_0x20.csv,0.015588521957397461,0.01582026481628418,0.01569199562072754
row_more_sep_row59_col1.csv,0.015738964080810547,0.014786481857299805,0.014890432357788086
row_extra_quote67_col4.csv,0.012511730194091797,0.01252603530883789,0.012161731719970703
row_field_delimiter_38_0x20.csv,0.015062808990478516,0.019077062606811523,0.01549530029296875
row_more_sep_row81_col2.csv,0.01606440544128418,0.01555490493774414,0.015135526657104492
row_extra_quote53_col7.csv,0.012482643127441406,0.012569665908813477,0.013222217559814453
row_less_sep_row30_col7.csv,0.01665496826171875,0.0550379753112793,0.03368735313415527
row_more_sep_row79_col7.csv,0.027666091918945312,0.03578042984008789,0.023709535598754883
row_less_sep_row44_col1.csv,0.017681598663330078,0.01813793182373047,0.017744064331054688
row_less_sep_row82_col6.csv,0.015314579010009766,0.014891862869262695,0.01531672477722168
row_less_sep_row65_col4.csv,0.01787590980529785,0.0179135799407959,0.01820206642150879
row_extra_quote77_col8.csv,0.01234579086303711,0.021071910858154297,0.021161794662475586
row_more_sep_row12_col3.csv,0.02402043342590332,0.024321794509887695,0.035782814025878906
row_more_sep_row33_col1.csv,0.017906665802001953,0.02131366729736328,0.016766071319580078
row_extra_quote17_col3.csv,0.013272285461425781,0.01332402229309082,0.01800370216369629
row_field_delimiter_42_0x20.csv,0.025480985641479492,0.016436338424682617,0.015281438827514648
row_less_sep_row3_col3.csv,0.017101764678955078,0.01700139045715332,0.01723766326904297
row_less_sep_row71_col3.csv,0.016166210174560547,0.016188621520996094,0.016153573989868164
row_more_sep_row24_col2.csv,0.015100240707397461,0.014740943908691406,0.015343427658081055
row_extra_quote67_col5.csv,0.012695789337158203,0.013119935989379883,0.01303720474243164
row_more_sep_row20_col6.csv,0.015406370162963867,0.01489114761352539,0.015577316284179688
row_more_sep_row66_col6.csv,0.015025138854980469,0.015483856201171875,0.015530586242675781
row_extra_quote30_col7.csv,0.01336979866027832,0.012573003768920898,0.01296687126159668
row_more_sep_row77_col8.csv,0.015475749969482422,0.015943050384521484,0.015263557434082031
row_less_sep_row64_col1.csv,0.0180206298828125,0.01945185661315918,0.017624855041503906
row_extra_quote44_col6.csv,0.013892173767089844,0.012584686279296875,0.012541055679321289
row_more_sep_row37_col5.csv,0.015483617782592773,0.014972209930419922,0.015581607818603516
row_more_sep_row21_col8.csv,0.016776561737060547,0.017261266708374023,0.015273809432983398
row_less_sep_row57_col2.csv,0.01870870590209961,0.024179458618164062,0.016947269439697266
row_less_sep_row69_col5.csv,0.02485036849975586,0.02305293083190918,0.029430627822875977
row_less_sep_row16_col5.csv,0.025604248046875,0.029639482498168945,0.021167993545532227
row_extra_quote53_col2.csv,0.013633251190185547,0.014484882354736328,0.013242721557617188
row_more_sep_row6_col7.csv,0.014966487884521484,0.015323638916015625,0.015746355056762695
row_less_sep_row78_col5.csv,0.016443729400634766,0.016736268997192383,0.0166778564453125
row_extra_quote3_col2.csv,0.013332605361938477,0.017598390579223633,0.023913860321044922
row_less_sep_row58_col2.csv,0.02601933479309082,0.032382965087890625,0.02577662467956543
row_less_sep_row76_col6.csv,0.03113698959350586,0.026209115982055664,0.017765045166015625
row_more_sep_row6_col6.csv,0.018010616302490234,0.021700143814086914,0.01870274543762207
row_extra_quote83_col4.csv,0.012921571731567383,0.012610912322998047,0.012951135635375977
row_field_delimiter_7_0x20.csv,0.02286386489868164,0.01575326919555664,0.015567541122436523
row_more_sep_row3_col8.csv,0.01565384864807129,0.015064716339111328,0.015274763107299805
row_more_sep_row4_col7.csv,0.019707202911376953,0.015042781829833984,0.017902374267578125
row_extra_quote66_col0.csv,0.014310359954833984,0.013202428817749023,0.01352238655090332
row_more_sep_row32_col5.csv,0.015618085861206055,0.016498327255249023,0.01571345329284668
row_extra_quote29_col4.csv,0.013609647750854492,0.013096809387207031,0.012855052947998047
row_less_sep_row81_col3.csv,0.016922950744628906,0.017563343048095703,0.01723480224609375
row_more_sep_row21_col3.csv,0.016060829162597656,0.0160982608795166,0.015639543533325195
row_more_sep_row34_col3.csv,0.015451908111572266,0.01649761199951172,0.015343904495239258
row_extra_quote2_col4.csv,0.014013290405273438,0.013844490051269531,0.014288902282714844
row_more_sep_row73_col6.csv,0.015172004699707031,0.01775836944580078,0.015620231628417969
row_more_sep_row78_col5.csv,0.015179872512817383,0.015575170516967773,0.015587329864501953
row_more_sep_row21_col5.csv,0.015594720840454102,0.017184019088745117,0.018798828125
row_extra_quote40_col1.csv,0.015102386474609375,0.02567434310913086,0.02252674102783203
row_extra_quote4_col6.csv,0.013216018676757812,0.012863874435424805,0.01297616958618164
row_extra_quote78_col3.csv,0.012261629104614258,0.012138128280639648,0.012439250946044922
row_extra_quote37_col0.csv,0.012796401977539062,0.012676000595092773,0.012608766555786133
row_less_sep_row76_col1.csv,0.017336606979370117,0.01715850830078125,0.016626358032226562
row_less_sep_row31_col1.csv,0.016439437866210938,0.01596236228942871,0.016377687454223633
row_extra_quote41_col6.csv,0.01300811767578125,0.012763500213623047,0.012512922286987305
row_less_sep_row61_col4.csv,0.01709771156311035,0.016781330108642578,0.01704096794128418
row_extra_quote73_col6.csv,0.012288570404052734,0.01251840591430664,0.012746334075927734
row_more_sep_row14_col8.csv,0.014730453491210938,0.014579296112060547,0.014731407165527344
row_more_sep_row60_col1.csv,0.015041589736938477,0.014571905136108398,0.014752864837646484
row_extra_quote71_col8.csv,0.012315750122070312,0.011963844299316406,0.011855363845825195
row_less_sep_row58_col4.csv,0.01724982261657715,0.01638007164001465,0.01633477210998535
row_extra_quote13_col0.csv,0.013378381729125977,0.012865304946899414,0.01290583610534668
row_less_sep_row51_col2.csv,0.01705622673034668,0.0167539119720459,0.016524553298950195
row_less_sep_row78_col8.csv,0.017197132110595703,0.016277790069580078,0.015902042388916016
row_extra_quote54_col0.csv,0.012639999389648438,0.017227649688720703,0.012330055236816406
row_extra_quote4_col0.csv,0.01328420639038086,0.014774560928344727,0.013138294219970703
row_more_sep_row68_col1.csv,0.014641046524047852,0.016109704971313477,0.015170097351074219
row_less_sep_row48_col5.csv,0.01683664321899414,0.018123865127563477,0.017285823822021484
row_extra_quote51_col7.csv,0.01403045654296875,0.012689352035522461,0.012589454650878906
row_extra_quote52_col5.csv,0.012814521789550781,0.014475107192993164,0.012456893920898438
row_less_sep_row33_col3.csv,0.016443729400634766,0.017825841903686523,0.016497135162353516
row_more_sep_row73_col5.csv,0.015498161315917969,0.017111778259277344,0.015090227127075195
row_less_sep_row10_col5.csv,0.018790483474731445,0.019082307815551758,0.019965648651123047
row_extra_quote9_col1.csv,0.015408754348754883,0.013439416885375977,0.013340473175048828
row_less_sep_row9_col7.csv,0.01764965057373047,0.016292095184326172,0.0162966251373291
row_extra_quote50_col5.csv,0.013716936111450195,0.013843536376953125,0.012528657913208008
row_more_sep_row2_col1.csv,0.01600480079650879,0.015189170837402344,0.01530766487121582
row_more_sep_row41_col2.csv,0.016245365142822266,0.019743919372558594,0.015071630477905273
row_extra_quote39_col0.csv,0.024785518646240234,0.01282191276550293,0.013852834701538086
row_less_sep_row71_col5.csv,0.02160811424255371,0.01879596710205078,0.01921391487121582
row_less_sep_row25_col8.csv,0.01822185516357422,0.01789379119873047,0.01710796356201172
row_extra_quote64_col5.csv,0.016158342361450195,0.013109683990478516,0.012524843215942383
row_more_sep_row7_col4.csv,0.015138626098632812,0.01624464988708496,0.014961481094360352
row_more_sep_row66_col2.csv,0.016706466674804688,0.01649928092956543,0.015060186386108398
row_field_delimiter_0_0x20.csv,0.014966011047363281,0.015185832977294922,0.01910400390625
row_less_sep_row34_col8.csv,0.017725706100463867,0.01848769187927246,0.016597986221313477
row_less_sep_row13_col1.csv,0.0174713134765625,0.01678633689880371,0.017252683639526367
row_less_sep_row1_col4.csv,0.019680023193359375,0.01757192611694336,0.018492698669433594
row_more_sep_row74_col6.csv,0.015175342559814453,0.014896392822265625,0.015899181365966797
row_more_sep_row13_col0.csv,0.01686835289001465,0.014879226684570312,0.01503133773803711
row_extra_quote13_col7.csv,0.0130767822265625,0.013201236724853516,0.012813806533813477
row_more_sep_row29_col1.csv,0.01730632781982422,0.015145301818847656,0.02968597412109375
row_more_sep_row21_col1.csv,0.015267610549926758,0.016407251358032227,0.016243457794189453
row_more_sep_row83_col3.csv,0.015622377395629883,0.015936613082885742,0.015316247940063477
row_extra_quote36_col8.csv,0.013498783111572266,0.018027544021606445,0.012953042984008789
row_more_sep_row18_col7.csv,0.016030073165893555,0.01575613021850586,0.015006065368652344
row_less_sep_row48_col8.csv,0.016650915145874023,0.017821550369262695,0.01746201515197754
row_more_sep_row7_col2.csv,0.017961978912353516,0.014965534210205078,0.01522684097290039
row_extra_quote1_col3.csv,0.024657487869262695,0.012959957122802734,0.015037298202514648
row_more_sep_row81_col4.csv,0.014875173568725586,0.015079498291015625,0.016005754470825195
row_extra_quote29_col0.csv,0.013407468795776367,0.013157367706298828,0.01249837875366211
row_more_sep_row83_col2.csv,0.01699995994567871,0.014823675155639648,0.015602588653564453
row_extra_quote57_col6.csv,0.012408256530761719,0.012075185775756836,0.012128353118896484
row_less_sep_row43_col3.csv,0.017671585083007812,0.017159223556518555,0.017721176147460938
row_more_sep_row76_col7.csv,0.020355939865112305,0.014750957489013672,0.015790939331054688
row_field_delimiter_32_0x20.csv,0.016718149185180664,0.014803171157836914,0.016270875930786133
row_less_sep_row5_col4.csv,0.01668381690979004,0.016327857971191406,0.01745462417602539
row_less_sep_row23_col7.csv,0.017685890197753906,0.016625404357910156,0.016383886337280273
row_extra_quote38_col0.csv,0.012911319732666016,0.012403249740600586,0.012761592864990234
row_extra_quote34_col8.csv,0.01296234130859375,0.01356959342956543,0.012549877166748047
row_more_sep_row58_col0.csv,0.015196561813354492,0.01520395278930664,0.014813899993896484
row_extra_quote56_col4.csv,0.013011693954467773,0.012163162231445312,0.012537956237792969
row_less_sep_row14_col5.csv,0.01611042022705078,0.01595902442932129,0.016582965850830078
row_extra_quote40_col0.csv,0.01267552375793457,0.01255941390991211,0.013463497161865234
row_extra_quote2_col0.csv,0.015312671661376953,0.026182174682617188,0.02671074867248535
row_extra_quote56_col2.csv,0.02836298942565918,0.022638559341430664,0.012339353561401367
row_less_sep_row17_col5.csv,0.016247987747192383,0.016564369201660156,0.017493486404418945
row_extra_quote26_col6.csv,0.013498067855834961,0.012839317321777344,0.013608694076538086
row_less_sep_row78_col2.csv,0.017841339111328125,0.01682758331298828,0.01666426658630371
row_more_sep_row25_col1.csv,0.015320539474487305,0.015440225601196289,0.015363931655883789
row_more_sep_row15_col0.csv,0.018006086349487305,0.015272855758666992,0.015304327011108398
row_field_delimiter_55_0x20.csv,0.015664339065551758,0.015339851379394531,0.020870208740234375
row_less_sep_row3_col2.csv,0.019631624221801758,0.01695728302001953,0.019341230392456055
row_more_sep_row19_col1.csv,0.015665531158447266,0.016559123992919922,0.01563549041748047
row_extra_quote66_col6.csv,0.013490438461303711,0.012566328048706055,0.013079166412353516
row_less_sep_row16_col6.csv,0.025125503540039062,0.017322540283203125,0.017509937286376953
row_more_sep_row67_col0.csv,0.01623392105102539,0.015717029571533203,0.015566587448120117
row_field_delimiter_56_0x20.csv,0.017152786254882812,0.015821218490600586,0.015664339065551758
row_extra_quote83_col7.csv,0.012569904327392578,0.012154817581176758,0.013004541397094727
row_extra_quote34_col6.csv,0.013128519058227539,0.013529539108276367,0.012943267822265625
row_extra_quote3_col1.csv,0.013490676879882812,0.013240337371826172,0.013156652450561523
row_extra_quote24_col0.csv,0.013152837753295898,0.013365983963012695,0.013443470001220703
row_less_sep_row74_col8.csv,0.016780614852905273,0.016918420791625977,0.01692819595336914
row_more_sep_row80_col1.csv,0.015657901763916016,0.014943122863769531,0.015461921691894531
row_more_sep_row2_col6.csv,0.015246868133544922,0.015203714370727539,0.01538395881652832
row_extra_quote65_col7.csv,0.012727737426757812,0.012237787246704102,0.013523578643798828
row_extra_quote31_col3.csv,0.014979362487792969,0.012701988220214844,0.013496160507202148
row_extra_quote73_col5.csv,0.012526750564575195,0.012265682220458984,0.01701664924621582
row_extra_quote68_col8.csv,0.01787877082824707,0.02613997459411621,0.029267072677612305
file_header_only.csv,0.0003838539123535156,0.0002105236053466797,0.00012731552124023438
row_extra_quote14_col6.csv,0.022014379501342773,0.030564546585083008,0.024348735809326172
row_extra_quote51_col6.csv,0.021019935607910156,0.02540302276611328,0.02953958511352539
row_less_sep_row67_col2.csv,0.034688711166381836,0.03416633605957031,0.017641067504882812
row_extra_quote18_col3.csv,0.012912511825561523,0.013036251068115234,0.013353109359741211
row_extra_quote55_col5.csv,0.01224374771118164,0.012325286865234375,0.01264500617980957
row_more_sep_row40_col6.csv,0.015523910522460938,0.014580249786376953,0.01582503318786621
row_more_sep_row4_col6.csv,0.014802694320678711,0.014613151550292969,0.01619243621826172
row_more_sep_row53_col6.csv,0.015507221221923828,0.014938831329345703,0.023141145706176758
row_less_sep_row8_col8.csv,0.017084836959838867,0.02062678337097168,0.0166015625
row_extra_quote28_col7.csv,0.014743566513061523,0.013278722763061523,0.012803792953491211
row_more_sep_row56_col2.csv,0.014843463897705078,0.016010761260986328,0.015300750732421875
row_more_sep_row66_col7.csv,0.01618194580078125,0.016408681869506836,0.01526641845703125
row_more_sep_row18_col3.csv,0.01580977439880371,0.014847517013549805,0.01480412483215332
row_less_sep_row11_col4.csv,0.017795324325561523,0.01688838005065918,0.016829967498779297
row_more_sep_row36_col5.csv,0.016942501068115234,0.01590108871459961,0.015792131423950195
row_less_sep_row79_col8.csv,0.0166928768157959,0.017536401748657227,0.017493486404418945
row_more_sep_row53_col5.csv,0.015271902084350586,0.015575885772705078,0.015900850296020508
row_less_sep_row20_col7.csv,0.017039060592651367,0.017621517181396484,0.01695084571838379
row_field_delimiter_78_0x20.csv,0.016147136688232422,0.015903234481811523,0.015600442886352539
row_more_sep_row81_col8.csv,0.01824212074279785,0.015385150909423828,0.01626896858215332
row_extra_quote20_col8.csv,0.013892889022827148,0.01367950439453125,0.013145208358764648
row_extra_quote37_col1.csv,0.01871657371520996,0.013330936431884766,0.013405561447143555
row_more_sep_row17_col4.csv,0.0160067081451416,0.014956474304199219,0.01578235626220703
row_extra_quote33_col4.csv,0.01357269287109375,0.012589454650878906,0.013166427612304688
row_more_sep_row79_col4.csv,0.017211198806762695,0.014919281005859375,0.015680789947509766
row_more_sep_row43_col3.csv,0.01623368263244629,0.01603388786315918,0.017390727996826172
row_less_sep_row68_col2.csv,0.02026534080505371,0.016961336135864258,0.01769876480102539
row_less_sep_row83_col1.csv,0.017576217651367188,0.016977310180664062,0.01820659637451172
row_less_sep_row81_col7.csv,0.01703500747680664,0.01770162582397461,0.016633272171020508
row_more_sep_row83_col1.csv,0.015419721603393555,0.015330314636230469,0.01523280143737793
row_less_sep_row72_col1.csv,0.017848968505859375,0.017038345336914062,0.017270803451538086
row_less_sep_row19_col7.csv,0.01765918731689453,0.017353534698486328,0.01762866973876953
row_extra_quote28_col5.csv,0.013401508331298828,0.012643814086914062,0.013482332229614258
row_more_sep_row50_col2.csv,0.015363931655883789,0.014838457107543945,0.016268491744995117
row_less_sep_row1_col6.csv,0.020489215850830078,0.02152395248413086,0.02074146270751953
row_extra_quote71_col4.csv,0.012663125991821289,0.012728452682495117,0.012935876846313477
row_more_sep_row37_col4.csv,0.015204191207885742,0.015598297119140625,0.01517486572265625
row_extra_quote75_col0.csv,0.012491226196289062,0.012691736221313477,0.012069940567016602
row_less_sep_row43_col1.csv,0.017179250717163086,0.01806783676147461,0.017511367797851562
row_more_sep_row72_col4.csv,0.01845574378967285,0.015344381332397461,0.015131473541259766
row_less_sep_row39_col7.csv,0.018021821975708008,0.0162813663482666,0.017119407653808594
row_more_sep_row55_col4.csv,0.016088485717773438,0.01491546630859375,0.015264749526977539
row_extra_quote36_col1.csv,0.013452291488647461,0.012499332427978516,0.013053417205810547
row_less_sep_row82_col1.csv,0.017919540405273438,0.01669478416442871,0.017740249633789062
row_extra_quote12_col0.csv,0.013443708419799805,0.013634681701660156,0.013288021087646484
row_less_sep_row42_col2.csv,0.017748117446899414,0.01681208610534668,0.017472267150878906
row_more_sep_row12_col0.csv,0.014984130859375,0.014931201934814453,0.016385316848754883
row_more_sep_row28_col3.csv,0.01566624641418457,0.014776229858398438,0.016007661819458008
row_less_sep_row19_col8.csv,0.01651620864868164,0.017335891723632812,0.0170440673828125
file_escape_char_0x00.csv,0.01667189598083496,0.014673233032226562,0.01643824577331543
row_more_sep_row38_col0.csv,0.015342473983764648,0.014924764633178711,0.01897454261779785
row_more_sep_row0_col2.csv,0.0179135799407959,0.01294851303100586,0.01396942138671875
row_extra_quote39_col7.csv,0.01301121711730957,0.017204761505126953,0.015024662017822266
row_field_delimiter_58_0x20.csv,0.015807628631591797,0.015893220901489258,0.016434431076049805
row_more_sep_row31_col4.csv,0.01623821258544922,0.01508188247680664,0.015971899032592773
row_more_sep_row24_col1.csv,0.01597428321838379,0.02905559539794922,0.01554417610168457
row_extra_quote19_col7.csv,0.014787673950195312,0.023636341094970703,0.013825416564941406
row_more_sep_row18_col8.csv,0.03235745429992676,0.023978471755981445,0.01599717140197754
row_less_sep_row33_col7.csv,0.01742696762084961,0.01784968376159668,0.018498659133911133
row_extra_quote69_col7.csv,0.012614250183105469,0.014669418334960938,0.014678716659545898
row_extra_quote80_col5.csv,0.012429952621459961,0.012201070785522461,0.012371301651000977
row_extra_quote57_col3.csv,0.012472152709960938,0.013068199157714844,0.013822078704833984
row_extra_quote25_col3.csv,0.013372659683227539,0.013663768768310547,0.013637304306030273
row_more_sep_row65_col4.csv,0.015578985214233398,0.015595436096191406,0.016161680221557617
row_more_sep_row37_col6.csv,0.01610398292541504,0.021574974060058594,0.016378402709960938
row_more_sep_row26_col3.csv,0.01537179946899414,0.01708388328552246,0.016498327255249023
row_field_delimiter_10_0x20.csv,0.01619410514831543,0.017839908599853516,0.015998363494873047
row_extra_quote48_col5.csv,0.013796806335449219,0.012661218643188477,0.016066551208496094
row_extra_quote15_col4.csv,0.015203714370727539,0.0158693790435791,0.019661903381347656
row_less_sep_row72_col7.csv,0.0199127197265625,0.017416715621948242,0.024100780487060547
row_extra_quote45_col4.csv,0.021258831024169922,0.013619184494018555,0.013227462768554688
row_extra_quote32_col3.csv,0.013147592544555664,0.016857624053955078,0.013631343841552734
row_more_sep_row67_col1.csv,0.018042802810668945,0.016865253448486328,0.015580892562866211
row_less_sep_row6_col1.csv,0.017368793487548828,0.018764972686767578,0.01776742935180664
row_extra_quote18_col6.csv,0.013778924942016602,0.013236522674560547,0.013279914855957031
row_less_sep_row37_col1.csv,0.017090797424316406,0.016686677932739258,0.01829695701599121
row_more_sep_row53_col7.csv,0.01678919792175293,0.017967939376831055,0.016818761825561523
row_extra_quote39_col5.csv,0.01335287094116211,0.013307332992553711,0.014132022857666016
row_less_sep_row67_col3.csv,0.01764225959777832,0.017097949981689453,0.01788616180419922
row_less_sep_row29_col2.csv,0.017184972763061523,0.016933917999267578,0.019245386123657227
row_less_sep_row60_col6.csv,0.01671457290649414,0.016537904739379883,0.01696324348449707
row_less_sep_row75_col2.csv,0.01765727996826172,0.01728343963623047,0.017393827438354492
row_extra_quote55_col7.csv,0.012674570083618164,0.012265443801879883,0.012514829635620117
row_field_delimiter_41_0x20.csv,0.015436887741088867,0.015081167221069336,0.016185283660888672
row_extra_quote2_col7.csv,0.013651371002197266,0.013016223907470703,0.013733863830566406
row_more_sep_row27_col2.csv,0.015325546264648438,0.014721155166625977,0.01576066017150879
row_more_sep_row56_col4.csv,0.015668630599975586,0.0156402587890625,0.044863224029541016
row_less_sep_row35_col1.csv,0.016904830932617188,0.018406391143798828,0.016978025436401367
row_extra_quote83_col2.csv,0.01426553726196289,0.012088775634765625,0.01310873031616211
row_less_sep_row17_col2.csv,0.016133785247802734,0.017149686813354492,0.016661643981933594
row_field_delimiter_70_0x20.csv,0.016074180603027344,0.017697572708129883,0.02803659439086914
row_less_sep_row11_col3.csv,0.024870872497558594,0.018238306045532227,0.022463321685791016
row_extra_quote57_col7.csv,0.012659072875976562,0.02193737030029297,0.012889385223388672
row_more_sep_row30_col3.csv,0.016770124435424805,0.015227794647216797,0.016518831253051758
row_extra_quote68_col6.csv,0.01726222038269043,0.01275324821472168,0.014334917068481445
row_extra_quote72_col6.csv,0.014251947402954102,0.012724876403808594,0.013060569763183594
row_extra_quote39_col2.csv,0.013551950454711914,0.013134479522705078,0.013353347778320312
row_more_sep_row71_col8.csv,0.015204906463623047,0.018428802490234375,0.016078472137451172
row_extra_quote29_col5.csv,0.014305591583251953,0.013963699340820312,0.014098644256591797
row_extra_quote13_col1.csv,0.014070272445678711,0.014387369155883789,0.014638423919677734
row_more_sep_row24_col0.csv,0.015726327896118164,0.0164334774017334,0.015995264053344727
row_more_sep_row69_col8.csv,0.017944812774658203,0.024106740951538086,0.02429032325744629
row_extra_quote1_col7.csv,0.013647794723510742,0.013148069381713867,0.014659404754638672
row_extra_quote28_col8.csv,0.014070272445678711,0.014014005661010742,0.013497352600097656
row_more_sep_row28_col7.csv,0.016422033309936523,0.016684293746948242,0.019724130630493164
row_extra_quote10_col4.csv,0.01658177375793457,0.014091253280639648,0.014607429504394531
row_less_sep_row16_col4.csv,0.01994180679321289,0.029201745986938477,0.023359060287475586
row_less_sep_row32_col4.csv,0.017150402069091797,0.016809463500976562,0.01669168472290039
row_less_sep_row42_col8.csv,0.01695990562438965,0.01641678810119629,0.016431093215942383
row_extra_quote19_col5.csv,0.013593673706054688,0.012853860855102539,0.013292074203491211
row_more_sep_row83_col4.csv,0.015266180038452148,0.015429258346557617,0.015451908111572266
row_extra_quote70_col3.csv,0.01287221908569336,0.012499570846557617,0.01392054557800293
row_more_sep_row70_col2.csv,0.01506495475769043,0.015835046768188477,0.017336606979370117
row_less_sep_row2_col6.csv,0.018563032150268555,0.020934343338012695,0.01939082145690918
row_extra_quote57_col0.csv,0.013648033142089844,0.012578964233398438,0.01364898681640625
row_less_sep_row73_col3.csv,0.020453453063964844,0.01694798469543457,0.018382549285888672
row_extra_quote11_col0.csv,0.013642072677612305,0.013141870498657227,0.013744354248046875
row_more_sep_row30_col8.csv,0.015169382095336914,0.015246152877807617,0.016453981399536133
row_field_delimiter_34_0x20.csv,0.019077777862548828,0.015404701232910156,0.015952348709106445
row_more_sep_row25_col6.csv,0.015073060989379883,0.015232324600219727,0.015444755554199219
row_less_sep_row63_col5.csv,0.016000986099243164,0.014899492263793945,0.015437126159667969
row_more_sep_row21_col7.csv,0.015114784240722656,0.015697002410888672,0.015171051025390625
row_less_sep_row68_col4.csv,0.016697168350219727,0.01687002182006836,0.016396760940551758
row_less_sep_row41_col7.csv,0.017252445220947266,0.01773238182067871,0.016991853713989258
row_extra_quote52_col8.csv,0.012732267379760742,0.012495279312133789,0.013898611068725586
row_more_sep_row0_col1.csv,0.012177467346191406,0.011854410171508789,0.01226663589477539
row_more_sep_row47_col5.csv,0.017726421356201172,0.0227968692779541,0.016376256942749023
row_extra_quote82_col2.csv,0.01423335075378418,0.018764734268188477,0.022519826889038086
row_extra_quote48_col0.csv,0.012926816940307617,0.01538395881652832,0.01994156837463379
row_less_sep_row11_col5.csv,0.018225669860839844,0.018239974975585938,0.018985986709594727
row_more_sep_row7_col3.csv,0.016218185424804688,0.020235300064086914,0.01602935791015625
file_header_multirow_2.csv,0.013780832290649414,0.014855384826660156,0.01572728157043457
row_field_delimiter_72_0x20.csv,0.02205657958984375,0.029650449752807617,0.016254663467407227
row_extra_quote0_col0.csv,0.016545534133911133,0.013551473617553711,0.01677560806274414
row_extra_quote50_col6.csv,0.01845574378967285,0.02219223976135254,0.012716293334960938
row_less_sep_row58_col6.csv,0.026857614517211914,0.017739295959472656,0.018891096115112305
row_extra_quote14_col4.csv,0.014898300170898438,0.013135671615600586,0.019474506378173828
row_extra_quote50_col3.csv,0.015184164047241211,0.019498825073242188,0.023268938064575195
row_less_sep_row15_col1.csv,0.017644405364990234,0.018280029296875,0.01738905906677246
row_more_sep_row30_col4.csv,0.015517950057983398,0.016941547393798828,0.018126249313354492
row_more_sep_row32_col0.csv,0.01570296287536621,0.015504598617553711,0.023754119873046875
row_extra_quote0_col7.csv,0.014809608459472656,0.014462947845458984,0.015139341354370117
row_more_sep_row31_col2.csv,0.016336679458618164,0.019104719161987305,0.026846885681152344
row_more_sep_row37_col1.csv,0.018662452697753906,0.015380859375,0.019871950149536133
row_extra_quote50_col8.csv,0.014430999755859375,0.015506267547607422,0.012919902801513672
row_more_sep_row71_col1.csv,0.015311956405639648,0.015295982360839844,0.015398740768432617
row_more_sep_row79_col2.csv,0.01535654067993164,0.016567707061767578,0.016628265380859375
row_extra_quote5_col1.csv,0.014581918716430664,0.014585733413696289,0.016599655151367188
row_more_sep_row11_col6.csv,0.01565718650817871,0.01580214500427246,0.01570749282836914
row_extra_quote18_col1.csv,0.013730764389038086,0.014818906784057617,0.013898134231567383
row_more_sep_row61_col1.csv,0.01584935188293457,0.015714406967163086,0.016268014907836914
row_extra_quote19_col2.csv,0.013389110565185547,0.013562440872192383,0.013585090637207031
row_less_sep_row3_col8.csv,0.024375200271606445,0.02076101303100586,0.018116474151611328
row_less_sep_row22_col8.csv,0.01750969886779785,0.017781496047973633,0.016819000244140625
row_less_sep_row67_col7.csv,0.017711162567138672,0.02113199234008789,0.026088714599609375
row_more_sep_row76_col6.csv,0.02102947235107422,0.015213966369628906,0.01686239242553711
row_extra_quote35_col2.csv,0.013788938522338867,0.013334989547729492,0.01335287094116211
row_extra_quote43_col8.csv,0.012810945510864258,0.012696266174316406,0.012548208236694336
row_less_sep_row28_col4.csv,0.017047643661499023,0.017764568328857422,0.017047405242919922
row_more_sep_row45_col5.csv,0.015611886978149414,0.015460968017578125,0.015538692474365234
row_extra_quote17_col7.csv,0.013774633407592773,0.013605117797851562,0.012893199920654297
row_extra_quote45_col2.csv,0.013300418853759766,0.012774944305419922,0.01272892951965332
row_less_sep_row4_col7.csv,0.01777029037475586,0.01773214340209961,0.0187985897064209
row_more_sep_row24_col8.csv,0.015706539154052734,0.025271892547607422,0.027833223342895508
row_extra_quote51_col5.csv,0.021970748901367188,0.016753196716308594,0.013374567031860352
row_more_sep_row21_col0.csv,0.016933202743530273,0.01464986801147461,0.01537632942199707
row_more_sep_row69_col6.csv,0.01571178436279297,0.016699552536010742,0.015508651733398438
row_more_sep_row42_col4.csv,0.015982389450073242,0.015007257461547852,0.0166473388671875
row_more_sep_row25_col4.csv,0.015730857849121094,0.015059709548950195,0.01548910140991211
row_more_sep_row32_col2.csv,0.016923189163208008,0.01529240608215332,0.015330076217651367
row_extra_quote21_col4.csv,0.014216184616088867,0.014343500137329102,0.013054370880126953
row_less_sep_row13_col4.csv,0.016419410705566406,0.019580841064453125,0.016377687454223633
row_extra_quote64_col6.csv,0.012461423873901367,0.015369176864624023,0.01355433464050293
row_less_sep_row42_col7.csv,0.016465425491333008,0.017790794372558594,0.01689743995666504
row_extra_quote59_col6.csv,0.012737512588500977,0.01283121109008789,0.014448881149291992
row_extra_quote71_col3.csv,0.01296234130859375,0.012226581573486328,0.012740850448608398
row_more_sep_row75_col7.csv,0.01576542854309082,0.0189666748046875,0.015380382537841797
row_more_sep_row43_col8.csv,0.016654253005981445,0.015223026275634766,0.015352249145507812
row_more_sep_row57_col7.csv,0.01535654067993164,0.015595197677612305,0.015371322631835938
row_field_delimiter_22_0x20.csv,0.016407489776611328,0.01540994644165039,0.0179595947265625
row_extra_quote15_col7.csv,0.01335763931274414,0.013010263442993164,0.014143228530883789
row_extra_quote8_col3.csv,0.01441645622253418,0.014105558395385742,0.013803482055664062
row_more_sep_row78_col6.csv,0.015523910522460938,0.015485048294067383,0.0187532901763916
row_extra_quote22_col2.csv,0.01481938362121582,0.015419244766235352,0.0155181884765625
row_extra_quote29_col7.csv,0.015219926834106445,0.015582799911499023,0.013123273849487305
row_more_sep_row54_col7.csv,0.015078544616699219,0.015832901000976562,0.015681743621826172
row_more_sep_row42_col5.csv,0.016718387603759766,0.015432357788085938,0.016239643096923828
row_extra_quote10_col2.csv,0.013548135757446289,0.0133209228515625,0.013696432113647461
row_more_sep_row67_col5.csv,0.015321493148803711,0.01511073112487793,0.015300273895263672
row_more_sep_row18_col0.csv,0.015697479248046875,0.015124082565307617,0.015325784683227539
row_extra_quote35_col7.csv,0.012917280197143555,0.012641429901123047,0.012727975845336914
row_more_sep_row2_col8.csv,0.0153045654296875,0.015038490295410156,0.015188455581665039
row_more_sep_row18_col1.csv,0.016469955444335938,0.015125274658203125,0.01518702507019043
row_less_sep_row82_col4.csv,0.01693272590637207,0.01742100715637207,0.017773151397705078
row_extra_quote36_col3.csv,0.013211488723754883,0.02106308937072754,0.021854400634765625
row_extra_quote60_col3.csv,0.022068262100219727,0.012534141540527344,0.012476921081542969
row_less_sep_row26_col2.csv,0.016675472259521484,0.01658153533935547,0.016767024993896484
row_more_sep_row26_col7.csv,0.015111684799194336,0.015202760696411133,0.015414237976074219
row_field_delimiter_21_0x20.csv,0.018223285675048828,0.01584649085998535,0.017513036727905273
row_extra_quote3_col3.csv,0.013602018356323242,0.01341104507446289,0.013525247573852539
row_more_sep_row60_col4.csv,0.015245437622070312,0.01502680778503418,0.015414953231811523
row_more_sep_row71_col2.csv,0.015279054641723633,0.01499795913696289,0.015124082565307617
row_less_sep_row74_col2.csv,0.01732659339904785,0.01711750030517578,0.0169525146484375
row_extra_quote41_col1.csv,0.013805627822875977,0.01291203498840332,0.012791633605957031
row_extra_quote25_col5.csv,0.013533830642700195,0.013970613479614258,0.012971639633178711
row_extra_quote24_col2.csv,0.014038324356079102,0.013772964477539062,0.012975692749023438
row_extra_quote22_col8.csv,0.01330423355102539,0.013361692428588867,0.012849807739257812
row_more_sep_row28_col6.csv,0.015377998352050781,0.015987634658813477,0.016021728515625
row_extra_quote34_col4.csv,0.013345003128051758,0.012912511825561523,0.013242006301879883
row_more_sep_row57_col6.csv,0.015101194381713867,0.015735626220703125,0.015327930450439453
row_more_sep_row58_col4.csv,0.015010356903076172,0.015040159225463867,0.0159151554107666
row_extra_quote7_col6.csv,0.013704299926757812,0.013027667999267578,0.013027667999267578
row_more_sep_row72_col7.csv,0.01566624641418457,0.015882492065429688,0.015197992324829102
row_field_delimiter_1_0x20.csv,0.0156400203704834,0.015842199325561523,0.01572275161743164
row_extra_quote31_col8.csv,0.013065814971923828,0.012638092041015625,0.012650728225708008
row_more_sep_row51_col2.csv,0.015423059463500977,0.01483297348022461,0.015006065368652344
row_extra_quote22_col7.csv,0.01310873031616211,0.012547016143798828,0.012932538986206055
row_less_sep_row83_col5.csv,0.01950216293334961,0.01946735382080078,0.019881486892700195
row_extra_quote11_col5.csv,0.013226509094238281,0.01335763931274414,0.012962102890014648
row_less_sep_row45_col7.csv,0.02079296112060547,0.025489330291748047,0.02639007568359375
row_less_sep_row18_col5.csv,0.023983240127563477,0.01949477195739746,0.01957225799560547
row_more_sep_row50_col5.csv,0.015030860900878906,0.014739513397216797,0.015621423721313477
row_more_sep_row62_col5.csv,0.015532255172729492,0.015540838241577148,0.015053033828735352
row_less_sep_row82_col2.csv,0.01699209213256836,0.01708197593688965,0.0179288387298584
row_more_sep_row76_col2.csv,0.015984773635864258,0.015913724899291992,0.015597105026245117
row_less_sep_row62_col4.csv,0.016828536987304688,0.017736196517944336,0.01790785789489746
row_more_sep_row66_col1.csv,0.015583515167236328,0.015241861343383789,0.015246868133544922
row_less_sep_row54_col6.csv,0.01723480224609375,0.016904354095458984,0.01662421226501465
row_less_sep_row68_col1.csv,0.017499685287475586,0.017004728317260742,0.016934633255004883
row_extra_quote11_col1.csv,0.013647079467773438,0.013026952743530273,0.014722824096679688
row_less_sep_row74_col1.csv,0.017580032348632812,0.017397165298461914,0.01742839813232422
row_extra_quote25_col4.csv,0.014253854751586914,0.012886524200439453,0.01673293113708496
row_more_sep_row78_col1.csv,0.01690816879272461,0.017392635345458984,0.017086505889892578
row_more_sep_row52_col4.csv,0.016495466232299805,0.016521453857421875,0.016142845153808594
row_more_sep_row12_col5.csv,0.02045154571533203,0.016695737838745117,0.015542030334472656
row_more_sep_row33_col7.csv,0.015894651412963867,0.01585555076599121,0.018682241439819336
row_less_sep_row37_col8.csv,0.021756887435913086,0.019719600677490234,0.018163204193115234
row_more_sep_row57_col0.csv,0.015671491622924805,0.015299320220947266,0.015653371810913086
row_extra_quote10_col3.csv,0.01463174819946289,0.013342857360839844,0.013478279113769531
